Entity,Code,Year,Share of the population using safely managed drinking water services,Country ID
Afghanistan,AFG,2000,11.093327,4
Afghanistan,AFG,2001,11.105221,4
Afghanistan,AFG,2002,12.007733,4
Afghanistan,AFG,2003,12.909922,4
Afghanistan,AFG,2004,13.818684,4
Afghanistan,AFG,2005,14.733853,4
Afghanistan,AFG,2006,15.648427,4
Afghanistan,AFG,2007,16.562523,4
Afghanistan,AFG,2008,17.476011,4
Afghanistan,AFG,2009,18.388884,4
Afghanistan,AFG,2010,19.30114,4
Afghanistan,AFG,2011,20.212885,4
Afghanistan,AFG,2012,21.123997,4
Afghanistan,AFG,2013,22.03447,4
Afghanistan,AFG,2014,22.944302,4
Afghanistan,AFG,2015,23.85359,4
Afghanistan,AFG,2016,24.76222,4
Afghanistan,AFG,2017,25.671417,4
Afghanistan,AFG,2018,26.581314,4
Afghanistan,AFG,2019,27.491734,4
Afghanistan,AFG,2020,28.402506,4
Afghanistan,AFG,2021,29.313843,4
Afghanistan,AFG,2022,30.034098,4
Albania,ALB,2000,49.13832,8
Albania,ALB,2001,49.0812,8
Albania,ALB,2002,48.984764,8
Albania,ALB,2003,48.885445,8
Albania,ALB,2004,50.717678,8
Albania,ALB,2005,52.57833,8
Albania,ALB,2006,54.467083,8
Albania,ALB,2007,56.383842,8
Albania,ALB,2008,58.32848,8
Albania,ALB,2009,60.300903,8
Albania,ALB,2010,62.30063,8
Albania,ALB,2011,64.3274,8
Albania,ALB,2012,66.38085,8
Albania,ALB,2013,68.45983,8
Albania,ALB,2014,70.56326,8
Albania,ALB,2015,70.59197,8
Albania,ALB,2016,70.61651,8
Albania,ALB,2017,70.63694,8
Albania,ALB,2018,70.65335,8
Albania,ALB,2019,70.665855,8
Albania,ALB,2020,70.67454,8
Albania,ALB,2021,70.705795,8
Albania,ALB,2022,70.73607,8
Algeria,DZA,2000,70.078514,12
Algeria,DZA,2001,70.64218,12
Algeria,DZA,2002,71.19186,12
Algeria,DZA,2003,71.72697,12
Algeria,DZA,2004,72.24755,12
Algeria,DZA,2005,72.75315,12
Algeria,DZA,2006,73.24435,12
Algeria,DZA,2007,73.72072,12
Algeria,DZA,2008,74.18282,12
Algeria,DZA,2009,74.627686,12
Algeria,DZA,2010,75.05681,12
Algeria,DZA,2011,75.46992,12
Algeria,DZA,2012,75.86762,12
Algeria,DZA,2013,76.250145,12
Algeria,DZA,2014,76.61823,12
Algeria,DZA,2015,76.97196,12
Algeria,DZA,2016,76.39486,12
Algeria,DZA,2017,75.730545,12
Algeria,DZA,2018,75.03613,12
Algeria,DZA,2019,73.95388,12
Algeria,DZA,2020,72.248146,12
Algeria,DZA,2021,70.54703,12
Algeria,DZA,2022,70.59793,12
Armenia,ARM,2000,82.350716,51
Armenia,ARM,2001,82.45862,51
Armenia,ARM,2002,82.57382,51
Armenia,ARM,2003,82.6919,51
Armenia,ARM,2004,82.81056,51
Armenia,ARM,2005,82.929756,51
Armenia,ARM,2006,83.04957,51
Armenia,ARM,2007,83.16992,51
Armenia,ARM,2008,83.29089,51
Armenia,ARM,2009,83.26617,51
Armenia,ARM,2010,83.24159,51
Armenia,ARM,2011,83.21717,51
Armenia,ARM,2012,83.19289,51
Armenia,ARM,2013,83.16902,51
Armenia,ARM,2014,83.14535,51
Armenia,ARM,2015,83.07821,51
Armenia,ARM,2016,82.93473,51
Armenia,ARM,2017,82.79146,51
Armenia,ARM,2018,82.95984,51
Armenia,ARM,2019,82.822845,51
Armenia,ARM,2020,82.68582,51
Armenia,ARM,2021,82.548775,51
Armenia,ARM,2022,82.41172,51
Austria,AUT,2000,96.71924,40
Austria,AUT,2001,96.890495,40
Austria,AUT,2002,97.06175,40
Austria,AUT,2003,97.23301,40
Austria,AUT,2004,97.404274,40
Austria,AUT,2005,97.57553,40
Austria,AUT,2006,97.746796,40
Austria,AUT,2007,97.91805,40
Austria,AUT,2008,98.08932,40
Austria,AUT,2009,98.260574,40
Austria,AUT,2010,98.43184,40
Austria,AUT,2011,98.603096,40
Austria,AUT,2012,98.77435,40
Austria,AUT,2013,98.91264,40
Austria,AUT,2014,98.91103,40
Austria,AUT,2015,98.909424,40
Austria,AUT,2016,98.90781,40
Austria,AUT,2017,98.906204,40
Austria,AUT,2018,98.90447,40
Austria,AUT,2019,98.90262,40
Austria,AUT,2020,98.90064,40
Austria,AUT,2021,98.898544,40
Austria,AUT,2022,98.896324,40
Azerbaijan,AZE,2000,57.748554,31
Azerbaijan,AZE,2001,59.488415,31
Azerbaijan,AZE,2002,60.110435,31
Azerbaijan,AZE,2003,60.72896,31
Azerbaijan,AZE,2004,61.343765,31
Azerbaijan,AZE,2005,61.954678,31
Azerbaijan,AZE,2006,62.561893,31
Azerbaijan,AZE,2007,63.165577,31
Azerbaijan,AZE,2008,63.765392,31
Azerbaijan,AZE,2009,64.36151,31
Azerbaijan,AZE,2010,64.956116,31
Azerbaijan,AZE,2011,65.54863,31
Azerbaijan,AZE,2012,66.13864,31
Azerbaijan,AZE,2013,66.725845,31
Azerbaijan,AZE,2014,67.3097,31
Azerbaijan,AZE,2015,67.889786,31
Azerbaijan,AZE,2016,68.46568,31
Azerbaijan,AZE,2017,69.03699,31
Azerbaijan,AZE,2018,69.603264,31
Azerbaijan,AZE,2019,70.16406,31
Azerbaijan,AZE,2020,70.67331,31
Azerbaijan,AZE,2021,71.14635,31
Azerbaijan,AZE,2022,71.6117,31
Bangladesh,BGD,2000,55.318703,50
Bangladesh,BGD,2001,55.325115,50
Bangladesh,BGD,2002,55.303715,50
Bangladesh,BGD,2003,55.278748,50
Bangladesh,BGD,2004,55.250355,50
Bangladesh,BGD,2005,55.21885,50
Bangladesh,BGD,2006,55.183674,50
Bangladesh,BGD,2007,55.14497,50
Bangladesh,BGD,2008,55.102875,50
Bangladesh,BGD,2009,55.057545,50
Bangladesh,BGD,2010,55.008587,50
Bangladesh,BGD,2011,54.95632,50
Bangladesh,BGD,2012,55.30369,50
Bangladesh,BGD,2013,55.666878,50
Bangladesh,BGD,2014,56.04548,50
Bangladesh,BGD,2015,56.440197,50
Bangladesh,BGD,2016,56.8508,50
Bangladesh,BGD,2017,57.277603,50
Bangladesh,BGD,2018,57.720745,50
Bangladesh,BGD,2019,58.180214,50
Bangladesh,BGD,2020,58.656,50
Bangladesh,BGD,2021,59.129845,50
Bangladesh,BGD,2022,59.109295,50
Belarus,BLR,2000,81.812706,112
Belarus,BLR,2001,81.963066,112
Belarus,BLR,2002,82.11219,112
Belarus,BLR,2003,82.25976,112
Belarus,BLR,2004,83.36191,112
Belarus,BLR,2005,84.4452,112
Belarus,BLR,2006,85.50994,112
Belarus,BLR,2007,86.55645,112
Belarus,BLR,2008,87.58524,112
Belarus,BLR,2009,88.59596,112
Belarus,BLR,2010,89.600494,112
Belarus,BLR,2011,90.58958,112
Belarus,BLR,2012,91.558914,112
Belarus,BLR,2013,92.31101,112
Belarus,BLR,2014,92.40423,112
Belarus,BLR,2015,92.496704,112
Belarus,BLR,2016,92.588005,112
Belarus,BLR,2017,92.678314,112
Belarus,BLR,2018,92.76655,112
Belarus,BLR,2019,92.85267,112
Belarus,BLR,2020,92.93711,112
Belarus,BLR,2021,93.0194,112
Belarus,BLR,2022,93.099754,112
Belgium,BEL,2000,99.63135,56
Belgium,BEL,2001,99.63135,56
Belgium,BEL,2002,99.631355,56
Belgium,BEL,2003,99.63135,56
Belgium,BEL,2004,99.631355,56
Belgium,BEL,2005,99.631355,56
Belgium,BEL,2006,99.63135,56
Belgium,BEL,2007,99.63135,56
Belgium,BEL,2008,99.63135,56
Belgium,BEL,2009,99.63135,56
Belgium,BEL,2010,99.63966,56
Belgium,BEL,2011,99.64798,56
Belgium,BEL,2012,99.656296,56
Belgium,BEL,2013,99.664604,56
Belgium,BEL,2014,99.67293,56
Belgium,BEL,2015,99.68124,56
Belgium,BEL,2016,99.68956,56
Belgium,BEL,2017,99.69787,56
Belgium,BEL,2018,99.706184,56
Belgium,BEL,2019,99.71451,56
Belgium,BEL,2020,99.72281,56
Belgium,BEL,2021,99.73113,56
Belgium,BEL,2022,99.73945,56
Bhutan,BTN,2000,22.292807,64
Bhutan,BTN,2001,22.74601,64
Bhutan,BTN,2002,23.200964,64
Bhutan,BTN,2003,23.657469,64
Bhutan,BTN,2004,24.115568,64
Bhutan,BTN,2005,24.564245,64
Bhutan,BTN,2006,24.918528,64
Bhutan,BTN,2007,25.27158,64
Bhutan,BTN,2008,25.623327,64
Bhutan,BTN,2009,25.973024,64
Bhutan,BTN,2010,26.321068,64
Bhutan,BTN,2011,30.242043,64
Bhutan,BTN,2012,34.166004,64
Bhutan,BTN,2013,38.090397,64
Bhutan,BTN,2014,42.761097,64
Bhutan,BTN,2015,47.45907,64
Bhutan,BTN,2016,52.089092,64
Bhutan,BTN,2017,56.59075,64
Bhutan,BTN,2018,60.826775,64
Bhutan,BTN,2019,65.00831,64
Bhutan,BTN,2020,69.13716,64
Bhutan,BTN,2021,72.665565,64
Bhutan,BTN,2022,73.341995,64
Bosnia and Herzegovina,BIH,2000,87.34998,70
Bosnia and Herzegovina,BIH,2001,87.472725,70
Bosnia and Herzegovina,BIH,2002,87.59462,70
Bosnia and Herzegovina,BIH,2003,87.71558,70
Bosnia and Herzegovina,BIH,2004,87.83569,70
Bosnia and Herzegovina,BIH,2005,87.95483,70
Bosnia and Herzegovina,BIH,2006,88.07303,70
Bosnia and Herzegovina,BIH,2007,88.19037,70
Bosnia and Herzegovina,BIH,2008,88.30676,70
Bosnia and Herzegovina,BIH,2009,88.42221,70
Bosnia and Herzegovina,BIH,2010,88.536736,70
Bosnia and Herzegovina,BIH,2011,88.65034,70
Bosnia and Herzegovina,BIH,2012,88.70229,70
Bosnia and Herzegovina,BIH,2013,88.79768,70
Bosnia and Herzegovina,BIH,2014,88.817184,70
Bosnia and Herzegovina,BIH,2015,88.82513,70
Bosnia and Herzegovina,BIH,2016,88.83336,70
Bosnia and Herzegovina,BIH,2017,88.841896,70
Bosnia and Herzegovina,BIH,2018,88.85069,70
Bosnia and Herzegovina,BIH,2019,88.72298,70
Bosnia and Herzegovina,BIH,2020,88.138885,70
Bosnia and Herzegovina,BIH,2021,87.55479,70
Bosnia and Herzegovina,BIH,2022,86.97068,70
Brazil,BRA,2000,76.0321,76
Brazil,BRA,2001,76.59753,76
Brazil,BRA,2002,76.98464,76
Brazil,BRA,2003,77.26597,76
Brazil,BRA,2004,77.54171,76
Brazil,BRA,2005,77.811966,76
Brazil,BRA,2006,78.077126,76
Brazil,BRA,2007,78.337265,76
Brazil,BRA,2008,78.59245,76
Brazil,BRA,2009,78.84221,76
Brazil,BRA,2010,79.08718,76
Brazil,BRA,2011,79.329895,76
Brazil,BRA,2012,79.56786,76
Brazil,BRA,2013,80.38308,76
Brazil,BRA,2014,81.1948,76
Brazil,BRA,2015,82.002464,76
Brazil,BRA,2016,82.74326,76
Brazil,BRA,2017,83.605156,76
Brazil,BRA,2018,84.40004,76
Brazil,BRA,2019,85.190926,76
Brazil,BRA,2020,85.921616,76
Brazil,BRA,2021,86.644035,76
Brazil,BRA,2022,87.25871,76
Bulgaria,BGR,2000,89.663734,100
Bulgaria,BGR,2001,90.18407,100
Bulgaria,BGR,2002,90.70463,100
Bulgaria,BGR,2003,91.2254,100
Bulgaria,BGR,2004,91.7464,100
Bulgaria,BGR,2005,92.267624,100
Bulgaria,BGR,2006,92.78908,100
Bulgaria,BGR,2007,93.31077,100
Bulgaria,BGR,2008,93.832695,100
Bulgaria,BGR,2009,94.35487,100
Bulgaria,BGR,2010,94.8773,100
Bulgaria,BGR,2011,95.39997,100
Bulgaria,BGR,2012,95.92294,100
Bulgaria,BGR,2013,96.44623,100
Bulgaria,BGR,2014,96.923386,100
Bulgaria,BGR,2015,96.76209,100
Bulgaria,BGR,2016,96.60156,100
Bulgaria,BGR,2017,96.44181,100
Bulgaria,BGR,2018,96.282814,100
Bulgaria,BGR,2019,96.124565,100
Bulgaria,BGR,2020,95.96708,100
Bulgaria,BGR,2021,95.81034,100
Bulgaria,BGR,2022,95.654335,100
Cambodia,KHM,2000,16.963135,116
Cambodia,KHM,2001,17.445349,116
Cambodia,KHM,2002,17.927835,116
Cambodia,KHM,2003,18.410591,116
Cambodia,KHM,2004,18.893976,116
Cambodia,KHM,2005,19.377995,116
Cambodia,KHM,2006,19.862286,116
Cambodia,KHM,2007,20.347218,116
Cambodia,KHM,2008,20.846205,116
Cambodia,KHM,2009,21.41869,116
Cambodia,KHM,2010,21.993832,116
Cambodia,KHM,2011,22.571646,116
Cambodia,KHM,2012,23.15215,116
Cambodia,KHM,2013,23.734991,116
Cambodia,KHM,2014,24.320925,116
Cambodia,KHM,2015,24.909603,116
Cambodia,KHM,2016,25.50104,116
Cambodia,KHM,2017,26.094881,116
Cambodia,KHM,2018,26.693384,116
Cambodia,KHM,2019,27.29621,116
Cambodia,KHM,2020,27.903767,116
Cambodia,KHM,2021,28.468304,116
Cambodia,KHM,2022,29.131279,116
Canada,CAN,2000,98.16674,124
Canada,CAN,2001,98.17581,124
Canada,CAN,2002,98.17795,124
Canada,CAN,2003,98.18011,124
Canada,CAN,2004,98.182236,124
Canada,CAN,2005,98.2408,124
Canada,CAN,2006,98.29947,124
Canada,CAN,2007,98.35997,124
Canada,CAN,2008,98.41991,124
Canada,CAN,2009,98.47926,124
Canada,CAN,2010,98.53806,124
Canada,CAN,2011,98.59599,124
Canada,CAN,2012,98.65168,124
Canada,CAN,2013,98.70725,124
Canada,CAN,2014,98.7627,124
Canada,CAN,2015,98.81806,124
Canada,CAN,2016,98.87331,124
Canada,CAN,2017,98.928505,124
Canada,CAN,2018,98.98363,124
Canada,CAN,2019,99.03862,124
Canada,CAN,2020,99.03895,124
Canada,CAN,2021,99.03932,124
Canada,CAN,2022,99.03973,124
Central African Republic,CAF,2000,8.530865,140
Central African Republic,CAF,2001,8.396018,140
Central African Republic,CAF,2002,8.2617035,140
Central African Republic,CAF,2003,8.127789,140
Central African Republic,CAF,2004,7.9942756,140
Central African Republic,CAF,2005,7.8637824,140
Central African Republic,CAF,2006,7.736172,140
Central African Republic,CAF,2007,7.611429,140
Central African Republic,CAF,2008,7.489293,140
Central African Republic,CAF,2009,7.3696275,140
Central African Republic,CAF,2010,7.2524133,140
Central African Republic,CAF,2011,7.1373997,140
Central African Republic,CAF,2012,7.0245624,140
Central African Republic,CAF,2013,6.9137635,140
Central African Republic,CAF,2014,6.804762,140
Central African Republic,CAF,2015,6.697531,140
Central African Republic,CAF,2016,6.592036,140
Central African Republic,CAF,2017,6.4879375,140
Central African Republic,CAF,2018,6.385207,140
Central African Republic,CAF,2019,6.283711,140
Central African Republic,CAF,2020,6.183318,140
Central African Republic,CAF,2021,6.083898,140
Central African Republic,CAF,2022,6.126445,140
Chad,TCD,2000,5.520874,148
Chad,TCD,2001,5.5543633,148
Chad,TCD,2002,5.586597,148
Chad,TCD,2003,5.6178207,148
Chad,TCD,2004,5.6479144,148
Chad,TCD,2005,5.6768794,148
Chad,TCD,2006,5.7047176,148
Chad,TCD,2007,5.7315598,148
Chad,TCD,2008,5.7571507,148
Chad,TCD,2009,5.7816195,148
Chad,TCD,2010,5.8073645,148
Chad,TCD,2011,5.8344636,148
Chad,TCD,2012,5.86313,148
Chad,TCD,2013,5.893311,148
Chad,TCD,2014,5.925088,148
Chad,TCD,2015,5.958684,148
Chad,TCD,2016,5.994189,148
Chad,TCD,2017,6.0316935,148
Chad,TCD,2018,6.071436,148
Chad,TCD,2019,6.1133685,148
Chad,TCD,2020,6.157883,148
Chad,TCD,2021,6.2049384,148
Chad,TCD,2022,6.2470484,148
Chile,CHL,2000,92.093025,152
Chile,CHL,2001,92.59391,152
Chile,CHL,2002,93.070625,152
Chile,CHL,2003,93.47617,152
Chile,CHL,2004,93.884575,152
Chile,CHL,2005,94.29475,152
Chile,CHL,2006,94.70764,152
Chile,CHL,2007,95.12259,152
Chile,CHL,2008,95.540085,152
Chile,CHL,2009,95.95955,152
Chile,CHL,2010,96.380974,152
Chile,CHL,2011,96.80475,152
Chile,CHL,2012,97.23041,152
Chile,CHL,2013,97.6581,152
Chile,CHL,2014,98.08776,152
Chile,CHL,2015,98.38248,152
Chile,CHL,2016,98.57764,152
Chile,CHL,2017,98.77024,152
Chile,CHL,2018,98.77137,152
Chile,CHL,2019,98.77137,152
Chile,CHL,2020,98.77137,152
Chile,CHL,2021,98.77137,152
Chile,CHL,2022,98.77136,152
Colombia,COL,2000,68.549515,170
Colombia,COL,2001,68.864174,170
Colombia,COL,2002,69.17526,170
Colombia,COL,2003,69.4828,170
Colombia,COL,2004,69.786385,170
Colombia,COL,2005,70.08601,170
Colombia,COL,2006,70.38173,170
Colombia,COL,2007,70.63542,170
Colombia,COL,2008,70.884834,170
Colombia,COL,2009,71.12999,170
Colombia,COL,2010,71.37048,170
Colombia,COL,2011,71.60638,170
Colombia,COL,2012,71.83813,170
Colombia,COL,2013,72.06536,170
Colombia,COL,2014,72.2881,170
Colombia,COL,2015,72.506836,170
Colombia,COL,2016,72.7216,170
Colombia,COL,2017,72.93201,170
Colombia,COL,2018,73.126434,170
Colombia,COL,2019,73.27192,170
Colombia,COL,2020,73.41323,170
Colombia,COL,2021,73.719894,170
Colombia,COL,2022,73.85605,170
Congo,COG,2000,27.42229,178
Congo,COG,2001,27.583084,178
Congo,COG,2002,27.781807,178
Congo,COG,2003,27.980413,178
Congo,COG,2004,29.576395,178
Congo,COG,2005,31.195251,178
Congo,COG,2006,32.83666,178
Congo,COG,2007,34.500706,178
Congo,COG,2008,36.18792,178
Congo,COG,2009,37.898098,178
Congo,COG,2010,39.631443,178
Congo,COG,2011,41.3869,178
Congo,COG,2012,42.42858,178
Congo,COG,2013,43.01324,178
Congo,COG,2014,43.598522,178
Congo,COG,2015,44.184093,178
Congo,COG,2016,44.769634,178
Congo,COG,2017,45.354813,178
Congo,COG,2018,45.53564,178
Congo,COG,2019,45.716465,178
Congo,COG,2020,45.896896,178
Congo,COG,2021,46.076538,178
Costa Rica,CRI,2000,76.406235,188
Costa Rica,CRI,2001,76.75396,188
Costa Rica,CRI,2002,77.086716,188
Costa Rica,CRI,2003,77.40466,188
Costa Rica,CRI,2004,77.70785,188
Costa Rica,CRI,2005,77.99628,188
Costa Rica,CRI,2006,78.27048,188
Costa Rica,CRI,2007,78.530624,188
Costa Rica,CRI,2008,78.77712,188
Costa Rica,CRI,2009,79.010025,188
Costa Rica,CRI,2010,79.23004,188
Costa Rica,CRI,2011,79.437386,188
Costa Rica,CRI,2012,79.63195,188
Costa Rica,CRI,2013,79.81455,188
Costa Rica,CRI,2014,79.98602,188
Costa Rica,CRI,2015,80.14722,188
Costa Rica,CRI,2016,80.29888,188
Costa Rica,CRI,2017,80.44177,188
Costa Rica,CRI,2018,80.52559,188
Costa Rica,CRI,2019,80.52068,188
Costa Rica,CRI,2020,80.516045,188
Costa Rica,CRI,2021,80.51169,188
Costa Rica,CRI,2022,80.507576,188
Cote d'Ivoire,CIV,2000,23.086655,384
Cote d'Ivoire,CIV,2001,23.56305,384
Cote d'Ivoire,CIV,2002,24.006742,384
Cote d'Ivoire,CIV,2003,24.08593,384
Cote d'Ivoire,CIV,2004,24.164871,384
Cote d'Ivoire,CIV,2005,24.242922,384
Cote d'Ivoire,CIV,2006,24.320509,384
Cote d'Ivoire,CIV,2007,24.39763,384
Cote d'Ivoire,CIV,2008,24.474285,384
Cote d'Ivoire,CIV,2009,24.55005,384
Cote d'Ivoire,CIV,2010,24.625345,384
Cote d'Ivoire,CIV,2011,24.700167,384
Cote d'Ivoire,CIV,2012,28.737572,384
Cote d'Ivoire,CIV,2013,31.505682,384
Cote d'Ivoire,CIV,2014,33.25078,384
Cote d'Ivoire,CIV,2015,35.010746,384
Cote d'Ivoire,CIV,2016,36.785477,384
Cote d'Ivoire,CIV,2017,38.575466,384
Cote d'Ivoire,CIV,2018,40.381012,384
Cote d'Ivoire,CIV,2019,42.151546,384
Cote d'Ivoire,CIV,2020,43.64164,384
Cote d'Ivoire,CIV,2021,43.766457,384
Cote d'Ivoire,CIV,2022,43.892155,384
Croatia,HRV,2000,85.11641,191
Croatia,HRV,2001,85.168945,191
Croatia,HRV,2002,85.21019,191
Croatia,HRV,2003,85.25168,191
Croatia,HRV,2004,85.29293,191
Croatia,HRV,2005,85.33417,191
Croatia,HRV,2006,85.37542,191
Croatia,HRV,2007,85.416664,191
Cyprus,CYP,2000,95.85307,196
Cyprus,CYP,2001,95.853004,196
Cyprus,CYP,2002,95.85304,196
Cyprus,CYP,2003,95.84554,196
Cyprus,CYP,2004,96.10549,196
Cyprus,CYP,2005,96.36541,196
Cyprus,CYP,2006,96.6253,196
Cyprus,CYP,2007,96.885155,196
Cyprus,CYP,2008,97.14498,196
Cyprus,CYP,2009,97.404785,196
Cyprus,CYP,2010,97.66455,196
Cyprus,CYP,2011,97.924286,196
Cyprus,CYP,2012,98.184,196
Cyprus,CYP,2013,98.44366,196
Cyprus,CYP,2014,98.70326,196
Cyprus,CYP,2015,98.962814,196
Cyprus,CYP,2016,99.222305,196
Cyprus,CYP,2017,99.48174,196
Cyprus,CYP,2018,99.74111,196
Cyprus,CYP,2019,99.76519,196
Cyprus,CYP,2020,99.765175,196
Cyprus,CYP,2021,99.76513,196
Cyprus,CYP,2022,99.76506,196
Czechia,CZE,2000,96.32186,203
Czechia,CZE,2001,96.317924,203
Czechia,CZE,2002,96.43583,203
Czechia,CZE,2003,96.55407,203
Czechia,CZE,2004,96.67268,203
Czechia,CZE,2005,96.791664,203
Czechia,CZE,2006,96.91102,203
Czechia,CZE,2007,97.03072,203
Czechia,CZE,2008,97.150826,203
Czechia,CZE,2009,97.271286,203
Czechia,CZE,2010,97.39213,203
Czechia,CZE,2011,97.513336,203
Czechia,CZE,2012,97.635574,203
Czechia,CZE,2013,97.758224,203
Czechia,CZE,2014,97.88044,203
Czechia,CZE,2015,97.88072,203
Czechia,CZE,2016,97.881004,203
Czechia,CZE,2017,97.88132,203
Czechia,CZE,2018,97.88166,203
Czechia,CZE,2019,97.88205,203
Czechia,CZE,2020,97.88247,203
Czechia,CZE,2021,97.88293,203
Czechia,CZE,2022,97.883415,203
Democratic Republic of Congo,COD,2000,12.212327,180
Democratic Republic of Congo,COD,2001,12.213238,180
Democratic Republic of Congo,COD,2002,12.208661,180
Democratic Republic of Congo,COD,2003,12.198471,180
Democratic Republic of Congo,COD,2004,12.182533,180
Democratic Republic of Congo,COD,2005,12.161947,180
Democratic Republic of Congo,COD,2006,12.137133,180
Democratic Republic of Congo,COD,2007,12.107874,180
Democratic Republic of Congo,COD,2008,12.073361,180
Democratic Republic of Congo,COD,2009,12.033979,180
Democratic Republic of Congo,COD,2010,11.988931,180
Democratic Republic of Congo,COD,2011,11.938573,180
Democratic Republic of Congo,COD,2012,11.882121,180
Democratic Republic of Congo,COD,2013,11.819369,180
Democratic Republic of Congo,COD,2014,11.750372,180
Democratic Republic of Congo,COD,2015,11.674641,180
Democratic Republic of Congo,COD,2016,11.591958,180
Democratic Republic of Congo,COD,2017,11.501857,180
Democratic Republic of Congo,COD,2018,11.404374,180
Democratic Republic of Congo,COD,2019,11.299047,180
Democratic Republic of Congo,COD,2020,11.185666,180
Democratic Republic of Congo,COD,2021,11.383714,180
Democratic Republic of Congo,COD,2022,11.584335,180
Denmark,DNK,2000,94.021545,208
Denmark,DNK,2001,94.021545,208
Denmark,DNK,2002,94.021545,208
Denmark,DNK,2003,94.021545,208
Denmark,DNK,2004,94.41845,208
Denmark,DNK,2005,94.81535,208
Denmark,DNK,2006,95.212265,208
Denmark,DNK,2007,95.60917,208
Denmark,DNK,2008,96.00607,208
Denmark,DNK,2009,96.40297,208
Denmark,DNK,2010,96.79988,208
Denmark,DNK,2011,97.196785,208
Denmark,DNK,2012,97.59369,208
Denmark,DNK,2013,97.99059,208
Denmark,DNK,2014,98.3875,208
Denmark,DNK,2015,98.78441,208
Denmark,DNK,2016,99.18131,208
Denmark,DNK,2017,99.57822,208
Denmark,DNK,2018,99.91883,208
Denmark,DNK,2019,99.91883,208
Denmark,DNK,2020,99.91882,208
Denmark,DNK,2021,99.91883,208
Denmark,DNK,2022,99.91883,208
Dominican Republic,DOM,2000,41.959072,214
Dominican Republic,DOM,2001,42.08168,214
Dominican Republic,DOM,2002,42.202534,214
Dominican Republic,DOM,2003,42.37859,214
Dominican Republic,DOM,2004,42.574596,214
Dominican Republic,DOM,2005,42.764915,214
Dominican Republic,DOM,2006,42.95012,214
Dominican Republic,DOM,2007,43.129864,214
Dominican Republic,DOM,2008,43.304207,214
Dominican Republic,DOM,2009,43.47218,214
Dominican Republic,DOM,2010,43.63474,214
Dominican Republic,DOM,2011,43.778534,214
Dominican Republic,DOM,2012,43.908596,214
Dominican Republic,DOM,2013,44.033993,214
Dominican Republic,DOM,2014,44.15502,214
Dominican Republic,DOM,2015,44.271854,214
Dominican Republic,DOM,2016,44.384415,214
Dominican Republic,DOM,2017,44.49238,214
Dominican Republic,DOM,2018,44.59396,214
Dominican Republic,DOM,2019,44.68936,214
Dominican Republic,DOM,2020,44.778786,214
Dominican Republic,DOM,2021,44.86266,214
Dominican Republic,DOM,2022,44.941177,214
Ecuador,ECU,2000,58.20305,218
Ecuador,ECU,2001,58.758022,218
Ecuador,ECU,2002,59.26656,218
Ecuador,ECU,2003,59.74421,218
Ecuador,ECU,2004,60.221443,218
Ecuador,ECU,2005,60.698006,218
Ecuador,ECU,2006,61.173904,218
Ecuador,ECU,2007,61.64964,218
Ecuador,ECU,2008,62.124714,218
Ecuador,ECU,2009,62.599125,218
Ecuador,ECU,2010,63.073124,218
Ecuador,ECU,2011,63.538517,218
Ecuador,ECU,2012,63.9978,218
Ecuador,ECU,2013,64.456795,218
Ecuador,ECU,2014,64.91525,218
Ecuador,ECU,2015,65.37367,218
Ecuador,ECU,2016,65.83156,218
Ecuador,ECU,2017,66.181175,218
Ecuador,ECU,2018,66.3947,218
Ecuador,ECU,2019,66.609856,218
Ecuador,ECU,2020,66.82667,218
Ecuador,ECU,2021,67.0449,218
Ecuador,ECU,2022,67.08951,218
Estonia,EST,2000,91.68188,233
Estonia,EST,2001,92.00879,233
Estonia,EST,2002,92.339775,233
Estonia,EST,2003,92.67468,233
Estonia,EST,2004,93.01373,233
Estonia,EST,2005,93.35693,233
Estonia,EST,2006,93.70418,233
Estonia,EST,2007,94.05564,233
Estonia,EST,2008,94.41134,233
Estonia,EST,2009,94.77131,233
Estonia,EST,2010,95.13546,233
Estonia,EST,2011,95.50393,233
Estonia,EST,2012,95.8874,233
Estonia,EST,2013,96.281944,233
Estonia,EST,2014,96.67542,233
Estonia,EST,2015,96.8461,233
Estonia,EST,2016,96.877945,233
Estonia,EST,2017,96.91005,233
Estonia,EST,2018,96.94275,233
Estonia,EST,2019,96.97601,233
Estonia,EST,2020,96.99839,233
Estonia,EST,2021,97.00867,233
Estonia,EST,2022,97.01939,233
Ethiopia,ETH,2000,5.043846,231
Ethiopia,ETH,2001,5.427535,231
Ethiopia,ETH,2002,5.5934367,231
Ethiopia,ETH,2003,5.7762012,231
Ethiopia,ETH,2004,5.9760747,231
Ethiopia,ETH,2005,6.1929464,231
Ethiopia,ETH,2006,6.427057,231
Ethiopia,ETH,2007,6.683617,231
Ethiopia,ETH,2008,7.01884,231
Ethiopia,ETH,2009,7.3716764,231
Ethiopia,ETH,2010,7.7429366,231
Ethiopia,ETH,2011,8.131654,231
Ethiopia,ETH,2012,8.538261,231
Ethiopia,ETH,2013,8.955855,231
Ethiopia,ETH,2014,9.390485,231
Ethiopia,ETH,2015,9.841515,231
Ethiopia,ETH,2016,10.308997,231
Ethiopia,ETH,2017,10.791947,231
Ethiopia,ETH,2018,11.291076,231
Ethiopia,ETH,2019,11.806052,231
Ethiopia,ETH,2020,12.336204,231
Ethiopia,ETH,2021,12.881514,231
Ethiopia,ETH,2022,13.237898,231
Fiji,FJI,2000,39.23305,242
Fiji,FJI,2001,39.331947,242
Fiji,FJI,2002,39.43084,242
Fiji,FJI,2003,39.530018,242
Fiji,FJI,2004,39.629562,242
Fiji,FJI,2005,39.728718,242
Fiji,FJI,2006,39.82823,242
Fiji,FJI,2007,39.92786,242
Fiji,FJI,2008,40.0519,242
Fiji,FJI,2009,40.181908,242
Fiji,FJI,2010,40.312313,242
Fiji,FJI,2011,40.44261,242
Fiji,FJI,2012,40.573307,242
Fiji,FJI,2013,40.703392,242
Fiji,FJI,2014,40.83362,242
Fiji,FJI,2015,40.963993,242
Fiji,FJI,2016,41.094257,242
Fiji,FJI,2017,41.22416,242
Fiji,FJI,2018,41.35395,242
Fiji,FJI,2019,41.482864,242
Fiji,FJI,2020,41.61065,242
Fiji,FJI,2021,41.737556,242
Fiji,FJI,2022,41.863583,242
Finland,FIN,2000,93.81033,246
Finland,FIN,2001,94.2074,246
Finland,FIN,2002,94.60447,246
Finland,FIN,2003,95.00154,246
Finland,FIN,2004,95.398605,246
Finland,FIN,2005,95.79568,246
Finland,FIN,2006,96.19274,246
Finland,FIN,2007,96.58981,246
Finland,FIN,2008,96.98688,246
Finland,FIN,2009,97.38394,246
Finland,FIN,2010,97.78101,246
Finland,FIN,2011,98.17808,246
Finland,FIN,2012,98.57516,246
Finland,FIN,2013,98.97222,246
Finland,FIN,2014,99.36929,246
Finland,FIN,2015,99.63062,246
Finland,FIN,2016,99.631874,246
Finland,FIN,2017,99.633125,246
Finland,FIN,2018,99.634544,246
Finland,FIN,2019,99.636154,246
Finland,FIN,2020,99.637924,246
Finland,FIN,2021,99.6399,246
Finland,FIN,2022,99.64203,246
France,FRA,2000,97.35588,250
France,FRA,2001,97.352356,250
France,FRA,2002,97.34887,250
France,FRA,2003,97.345406,250
France,FRA,2004,97.46617,250
France,FRA,2005,97.58779,250
France,FRA,2006,97.71021,250
France,FRA,2007,97.83345,250
France,FRA,2008,97.95746,250
France,FRA,2009,98.08226,250
France,FRA,2010,98.20785,250
France,FRA,2011,98.33426,250
France,FRA,2012,98.46149,250
France,FRA,2013,98.589554,250
France,FRA,2014,98.718445,250
France,FRA,2015,98.8482,250
France,FRA,2016,98.97879,250
France,FRA,2017,99.110245,250
France,FRA,2018,99.24255,250
France,FRA,2019,99.37574,250
France,FRA,2020,99.50978,250
France,FRA,2021,99.64471,250
France,FRA,2022,99.70415,250
Gambia,GMB,2000,21.769,270
Gambia,GMB,2001,23.047499,270
Gambia,GMB,2002,24.351906,270
Gambia,GMB,2003,25.666456,270
Gambia,GMB,2004,26.944756,270
Gambia,GMB,2005,28.24406,270
Gambia,GMB,2006,29.564318,270
Gambia,GMB,2007,30.905478,270
Gambia,GMB,2008,32.26797,270
Gambia,GMB,2009,33.649796,270
Gambia,GMB,2010,35.05232,270
Gambia,GMB,2011,36.47445,270
Gambia,GMB,2012,37.917133,270
Gambia,GMB,2013,39.377613,270
Gambia,GMB,2014,40.855114,270
Gambia,GMB,2015,42.348812,270
Gambia,GMB,2016,43.857277,270
Gambia,GMB,2017,44.661255,270
Gambia,GMB,2018,45.281063,270
Gambia,GMB,2019,45.89241,270
Gambia,GMB,2020,46.495304,270
Gambia,GMB,2021,47.089188,270
Gambia,GMB,2022,47.674652,270
Georgia,GEO,2000,64.11659,268
Georgia,GEO,2001,64.06283,268
Georgia,GEO,2002,64.14716,268
Georgia,GEO,2003,64.3997,268
Georgia,GEO,2004,64.65125,268
Georgia,GEO,2005,64.90184,268
Georgia,GEO,2006,65.151955,268
Georgia,GEO,2007,65.40159,268
Georgia,GEO,2008,65.650246,268
Georgia,GEO,2009,65.89795,268
Georgia,GEO,2010,66.14517,268
Georgia,GEO,2011,66.39143,268
Georgia,GEO,2012,66.63722,268
Georgia,GEO,2013,66.88157,268
Georgia,GEO,2014,67.12544,268
Georgia,GEO,2015,67.368355,268
Georgia,GEO,2016,67.61462,268
Georgia,GEO,2017,67.8628,268
Georgia,GEO,2018,68.113815,268
Georgia,GEO,2019,68.367195,268
Georgia,GEO,2020,68.62339,268
Georgia,GEO,2021,68.88146,268
Georgia,GEO,2022,69.14185,268
Germany,DEU,2000,99.8429,276
Germany,DEU,2001,99.8429,276
Germany,DEU,2002,99.8429,276
Germany,DEU,2003,99.84291,276
Germany,DEU,2004,99.84935,276
Germany,DEU,2005,99.85583,276
Germany,DEU,2006,99.862335,276
Germany,DEU,2007,99.86888,276
Germany,DEU,2008,99.87546,276
Germany,DEU,2009,99.87845,276
Germany,DEU,2010,99.88153,276
Germany,DEU,2011,99.884705,276
Germany,DEU,2012,99.88772,276
Germany,DEU,2013,99.89073,276
Germany,DEU,2014,99.89375,276
Germany,DEU,2015,99.896774,276
Germany,DEU,2016,99.89984,276
Germany,DEU,2017,99.90295,276
Germany,DEU,2018,99.90611,276
Germany,DEU,2019,99.90935,276
Germany,DEU,2020,99.91265,276
Germany,DEU,2021,99.916046,276
Germany,DEU,2022,99.91641,276
Ghana,GHA,2000,12.096288,288
Ghana,GHA,2001,12.339795,288
Ghana,GHA,2002,13.275519,288
Ghana,GHA,2003,14.411008,288
Ghana,GHA,2004,15.807901,288
Ghana,GHA,2005,17.23668,288
Ghana,GHA,2006,18.698114,288
Ghana,GHA,2007,20.191713,288
Ghana,GHA,2008,21.717302,288
Ghana,GHA,2009,23.27362,288
Ghana,GHA,2010,24.86189,288
Ghana,GHA,2011,26.480824,288
Ghana,GHA,2012,28.129812,288
Ghana,GHA,2013,29.807802,288
Ghana,GHA,2014,31.5145,288
Ghana,GHA,2015,33.2496,288
Ghana,GHA,2016,35.01281,288
Ghana,GHA,2017,36.803406,288
Ghana,GHA,2018,38.621067,288
Ghana,GHA,2019,40.46505,288
Ghana,GHA,2020,42.335457,288
Ghana,GHA,2021,43.598057,288
Ghana,GHA,2022,44.468082,288
Greece,GRC,2000,99.15239,300
Greece,GRC,2001,99.218124,300
Greece,GRC,2002,99.28736,300
Greece,GRC,2003,99.35515,300
Greece,GRC,2004,99.42153,300
Greece,GRC,2005,99.48649,300
Greece,GRC,2006,99.47334,300
Greece,GRC,2007,99.44517,300
Greece,GRC,2008,99.41644,300
Greece,GRC,2009,99.38721,300
Greece,GRC,2010,99.35745,300
Greece,GRC,2011,99.3272,300
Greece,GRC,2012,99.29645,300
Greece,GRC,2013,99.2652,300
Greece,GRC,2014,99.233475,300
Greece,GRC,2015,99.18443,300
Greece,GRC,2016,99.13364,300
Greece,GRC,2017,99.08283,300
Greece,GRC,2018,99.032036,300
Greece,GRC,2019,98.98124,300
Greece,GRC,2020,98.93044,300
Greece,GRC,2021,98.87964,300
Greece,GRC,2022,98.87964,300
Guatemala,GTM,2000,46.81889,320
Guatemala,GTM,2001,47.29902,320
Guatemala,GTM,2002,47.781807,320
Guatemala,GTM,2003,48.26304,320
Guatemala,GTM,2004,48.74406,320
Guatemala,GTM,2005,49.22722,320
Guatemala,GTM,2006,49.712692,320
Guatemala,GTM,2007,50.200676,320
Guatemala,GTM,2008,50.691185,320
Guatemala,GTM,2009,51.183678,320
Guatemala,GTM,2010,51.67891,320
Guatemala,GTM,2011,52.176327,320
Guatemala,GTM,2012,52.67633,320
Guatemala,GTM,2013,53.18113,320
Guatemala,GTM,2014,53.69085,320
Guatemala,GTM,2015,54.206013,320
Guatemala,GTM,2016,54.726143,320
Guatemala,GTM,2017,54.98539,320
Guatemala,GTM,2018,55.245712,320
Guatemala,GTM,2019,55.506615,320
Guatemala,GTM,2020,55.768238,320
Guatemala,GTM,2021,56.030495,320
Guatemala,GTM,2022,56.293304,320
Guinea-Bissau,GNB,2000,17.774654,624
Guinea-Bissau,GNB,2001,18.071774,624
Guinea-Bissau,GNB,2002,18.36966,624
Guinea-Bissau,GNB,2003,18.667349,624
Guinea-Bissau,GNB,2004,18.964975,624
Guinea-Bissau,GNB,2005,19.261614,624
Guinea-Bissau,GNB,2006,19.558077,624
Guinea-Bissau,GNB,2007,19.85344,624
Guinea-Bissau,GNB,2008,20.147804,624
Guinea-Bissau,GNB,2009,20.44029,624
Guinea-Bissau,GNB,2010,20.731943,624
Guinea-Bissau,GNB,2011,21.021854,624
Guinea-Bissau,GNB,2012,21.310081,624
Guinea-Bissau,GNB,2013,21.596054,624
Guinea-Bissau,GNB,2014,21.879799,624
Guinea-Bissau,GNB,2015,22.16104,624
Guinea-Bissau,GNB,2016,22.439222,624
Guinea-Bissau,GNB,2017,22.714085,624
Guinea-Bissau,GNB,2018,22.985617,624
Guinea-Bissau,GNB,2019,23.253277,624
Guinea-Bissau,GNB,2020,23.516802,624
Guinea-Bissau,GNB,2021,23.775919,624
Guinea-Bissau,GNB,2022,23.871601,624
Honduras,HND,2000,41.601418,340
Honduras,HND,2001,41.871067,340
Honduras,HND,2002,42.148388,340
Honduras,HND,2003,43.520744,340
Honduras,HND,2004,44.92496,340
Honduras,HND,2005,46.360733,340
Honduras,HND,2006,47.828735,340
Honduras,HND,2007,49.32892,340
Honduras,HND,2008,50.86167,340
Honduras,HND,2009,52.42657,340
Honduras,HND,2010,54.0244,340
Honduras,HND,2011,55.65461,340
Honduras,HND,2012,57.31811,340
Honduras,HND,2013,59.013924,340
Honduras,HND,2014,60.74301,340
Honduras,HND,2015,62.13795,340
Honduras,HND,2016,62.596836,340
Honduras,HND,2017,63.051792,340
Honduras,HND,2018,63.502495,340
Honduras,HND,2019,63.948986,340
Honduras,HND,2020,64.3913,340
Honduras,HND,2021,64.82912,340
Honduras,HND,2022,65.206795,340
Hungary,HUN,2000,86.63125,348
Hungary,HUN,2001,86.63957,348
Hungary,HUN,2002,86.67556,348
Hungary,HUN,2003,86.7113,348
Hungary,HUN,2004,86.74695,348
Hungary,HUN,2005,86.78802,348
Hungary,HUN,2006,86.834435,348
Hungary,HUN,2007,86.88051,348
Hungary,HUN,2008,86.92622,348
Hungary,HUN,2009,86.971504,348
Hungary,HUN,2010,87.011,348
Hungary,HUN,2011,87.05015,348
Hungary,HUN,2012,87.07818,348
Hungary,HUN,2013,88.59905,348
Hungary,HUN,2014,90.11402,348
Hungary,HUN,2015,91.623116,348
Hungary,HUN,2016,93.12667,348
Hungary,HUN,2017,94.62444,348
Hungary,HUN,2018,96.14339,348
Hungary,HUN,2019,97.62955,348
Hungary,HUN,2020,99.10948,348
Hungary,HUN,2021,100,348
Hungary,HUN,2022,100,348
Iceland,ISL,2000,90.15561,352
Iceland,ISL,2001,90.6908,352
Iceland,ISL,2002,91.226,352
Iceland,ISL,2003,91.76119,352
Iceland,ISL,2004,92.296394,352
Iceland,ISL,2005,92.8316,352
Iceland,ISL,2006,93.36679,352
Iceland,ISL,2007,93.90199,352
Iceland,ISL,2008,94.43718,352
Iceland,ISL,2009,94.97238,352
Iceland,ISL,2010,95.507576,352
Iceland,ISL,2011,96.04278,352
Iceland,ISL,2012,96.57797,352
Iceland,ISL,2013,97.11317,352
Iceland,ISL,2014,97.64837,352
Iceland,ISL,2015,98.18356,352
Iceland,ISL,2016,98.71876,352
Iceland,ISL,2017,99.25396,352
Iceland,ISL,2018,99.789154,352
Iceland,ISL,2019,100,352
Iceland,ISL,2020,100,352
Iceland,ISL,2021,100,352
Iceland,ISL,2022,100,352
Indonesia,IDN,2000,23.541845,360
Indonesia,IDN,2001,23.87744,360
Indonesia,IDN,2002,24.211277,360
Indonesia,IDN,2003,24.543207,360
Indonesia,IDN,2004,24.873476,360
Indonesia,IDN,2005,25.201418,360
Indonesia,IDN,2006,25.527418,360
Indonesia,IDN,2007,25.85121,360
Indonesia,IDN,2008,26.173037,360
Indonesia,IDN,2009,26.492393,360
Indonesia,IDN,2010,26.807102,360
Indonesia,IDN,2011,27.107656,360
Indonesia,IDN,2012,27.406214,360
Indonesia,IDN,2013,27.70254,360
Indonesia,IDN,2014,27.99699,360
Indonesia,IDN,2015,28.289217,360
Indonesia,IDN,2016,28.579231,360
Indonesia,IDN,2017,28.866594,360
Indonesia,IDN,2018,29.151558,360
Indonesia,IDN,2019,29.433916,360
Indonesia,IDN,2020,29.713915,360
Indonesia,IDN,2021,29.991253,360
Indonesia,IDN,2022,30.266167,360
Iran,IRN,2000,90.34097,364
Iran,IRN,2001,90.570076,364
Iran,IRN,2002,90.794426,364
Iran,IRN,2003,91.01405,364
Iran,IRN,2004,91.2289,364
Iran,IRN,2005,91.43886,364
Iran,IRN,2006,91.64402,364
Iran,IRN,2007,91.83839,364
Iran,IRN,2008,92.025505,364
Iran,IRN,2009,92.20852,364
Iran,IRN,2010,92.38762,364
Iran,IRN,2011,92.56273,364
Iran,IRN,2012,92.73255,364
Iran,IRN,2013,92.89769,364
Iran,IRN,2014,93.05934,364
Iran,IRN,2015,93.21733,364
Iran,IRN,2016,93.37181,364
Iran,IRN,2017,93.52266,364
Iran,IRN,2018,93.669716,364
Iran,IRN,2019,93.81299,364
Iran,IRN,2020,93.95266,364
Iran,IRN,2021,94.08863,364
Iran,IRN,2022,94.22125,364
Iraq,IRQ,2000,50.240936,368
Iraq,IRQ,2001,50.717648,368
Iraq,IRQ,2002,51.1935,368
Iraq,IRQ,2003,51.668495,368
Iraq,IRQ,2004,52.14264,368
Iraq,IRQ,2005,52.61592,368
Iraq,IRQ,2006,53.08807,368
Iraq,IRQ,2007,53.55965,368
Iraq,IRQ,2008,54.030373,368
Iraq,IRQ,2009,54.499985,368
Iraq,IRQ,2010,54.98614,368
Iraq,IRQ,2011,55.48045,368
Iraq,IRQ,2012,55.97191,368
Iraq,IRQ,2013,56.46054,368
Iraq,IRQ,2014,56.946587,368
Iraq,IRQ,2015,57.43005,368
Iraq,IRQ,2016,57.912933,368
Iraq,IRQ,2017,58.395195,368
Iraq,IRQ,2018,58.87657,368
Iraq,IRQ,2019,59.356632,368
Iraq,IRQ,2020,59.664463,368
Iraq,IRQ,2021,59.70278,368
Iraq,IRQ,2022,59.74263,368
Ireland,IRL,2000,64.429375,372
Ireland,IRL,2001,64.53594,372
Ireland,IRL,2002,64.64604,372
Ireland,IRL,2003,64.77273,372
Ireland,IRL,2004,64.89963,372
Ireland,IRL,2005,69.56672,372
Ireland,IRL,2006,74.17241,372
Ireland,IRL,2007,78.70413,372
Ireland,IRL,2008,83.194534,372
Ireland,IRL,2009,87.644104,372
Ireland,IRL,2010,92.05278,372
Ireland,IRL,2011,94.9312,372
Ireland,IRL,2012,95.02116,372
Ireland,IRL,2013,95.110634,372
Ireland,IRL,2014,95.19962,372
Ireland,IRL,2015,95.28813,372
Ireland,IRL,2016,95.37614,372
Ireland,IRL,2017,95.46347,372
Ireland,IRL,2018,95.55008,372
Ireland,IRL,2019,95.70192,372
Ireland,IRL,2020,95.85354,372
Ireland,IRL,2021,95.995834,372
Ireland,IRL,2022,95.9914,372
Israel,ISR,2000,99.77199,376
Israel,ISR,2001,99.77214,376
Israel,ISR,2002,99.75787,376
Israel,ISR,2003,99.743614,376
Israel,ISR,2004,99.72934,376
Israel,ISR,2005,99.71506,376
Israel,ISR,2006,99.70076,376
Israel,ISR,2007,99.686455,376
Israel,ISR,2008,99.67215,376
Israel,ISR,2009,99.65783,376
Israel,ISR,2010,99.64351,376
Israel,ISR,2011,99.62918,376
Israel,ISR,2012,99.614845,376
Israel,ISR,2013,99.60051,376
Israel,ISR,2014,99.58617,376
Israel,ISR,2015,99.571815,376
Israel,ISR,2016,99.557465,376
Israel,ISR,2017,99.5431,376
Israel,ISR,2018,99.528725,376
Israel,ISR,2019,99.51434,376
Israel,ISR,2020,99.499954,376
Israel,ISR,2021,99.485565,376
Israel,ISR,2022,99.47115,376
Italy,ITA,2000,94.76838,380
Italy,ITA,2001,94.98711,380
Italy,ITA,2002,95.20594,380
Italy,ITA,2003,95.424866,380
Italy,ITA,2004,95.6439,380
Italy,ITA,2005,95.86303,380
Italy,ITA,2006,96.08226,380
Italy,ITA,2007,96.13227,380
Italy,ITA,2008,95.90065,380
Italy,ITA,2009,95.6689,380
Italy,ITA,2010,95.43701,380
Italy,ITA,2011,95.204994,380
Italy,ITA,2012,94.97285,380
Italy,ITA,2013,94.74057,380
Italy,ITA,2014,94.508156,380
Italy,ITA,2015,94.25136,380
Italy,ITA,2016,93.99455,380
Italy,ITA,2017,93.737755,380
Italy,ITA,2018,93.48096,380
Italy,ITA,2019,93.22416,380
Italy,ITA,2020,92.967354,380
Italy,ITA,2021,92.710556,380
Italy,ITA,2022,92.710556,380
Japan,JPN,2000,97.85424,392
Japan,JPN,2001,97.85424,392
Japan,JPN,2002,97.85424,392
Japan,JPN,2003,97.85424,392
Japan,JPN,2004,97.85424,392
Japan,JPN,2005,97.90149,392
Japan,JPN,2006,97.94875,392
Japan,JPN,2007,97.99602,392
Japan,JPN,2008,98.04329,392
Japan,JPN,2009,98.09057,392
Japan,JPN,2010,98.13786,392
Japan,JPN,2011,98.18516,392
Japan,JPN,2012,98.23246,392
Japan,JPN,2013,98.27977,392
Japan,JPN,2014,98.327095,392
Japan,JPN,2015,98.37442,392
Japan,JPN,2016,98.42175,392
Japan,JPN,2017,98.4691,392
Japan,JPN,2018,98.51645,392
Japan,JPN,2019,98.56381,392
Japan,JPN,2020,98.611176,392
Japan,JPN,2021,98.65855,392
Japan,JPN,2022,98.65855,392
Jordan,JOR,2000,53.49447,400
Jordan,JOR,2001,53.497055,400
Jordan,JOR,2002,53.49964,400
Jordan,JOR,2003,53.50227,400
Jordan,JOR,2004,53.50485,400
Jordan,JOR,2005,53.455513,400
Jordan,JOR,2006,55.555233,400
Jordan,JOR,2007,57.663956,400
Jordan,JOR,2008,59.781048,400
Jordan,JOR,2009,61.906273,400
Jordan,JOR,2010,64.038826,400
Jordan,JOR,2011,66.178314,400
Jordan,JOR,2012,68.324135,400
Jordan,JOR,2013,70.475975,400
Jordan,JOR,2014,72.63322,400
Jordan,JOR,2015,74.81074,400
Jordan,JOR,2016,76.989494,400
Jordan,JOR,2017,79.16953,400
Jordan,JOR,2018,81.350815,400
Jordan,JOR,2019,83.53326,400
Jordan,JOR,2020,85.71684,400
Jordan,JOR,2021,85.71292,400
Jordan,JOR,2022,85.70913,400
Kazakhstan,KAZ,2000,63.102085,398
Kazakhstan,KAZ,2001,63.369843,398
Kazakhstan,KAZ,2002,64.92973,398
Kazakhstan,KAZ,2003,66.50294,398
Kazakhstan,KAZ,2004,68.08938,398
Kazakhstan,KAZ,2005,69.68898,398
Kazakhstan,KAZ,2006,71.30166,398
Kazakhstan,KAZ,2007,72.92734,398
Kazakhstan,KAZ,2008,74.56595,398
Kazakhstan,KAZ,2009,76.21741,398
Kazakhstan,KAZ,2010,77.881325,398
Kazakhstan,KAZ,2011,79.558266,398
Kazakhstan,KAZ,2012,81.24783,398
Kazakhstan,KAZ,2013,82.9075,398
Kazakhstan,KAZ,2014,84.48871,398
Kazakhstan,KAZ,2015,86.08145,398
Kazakhstan,KAZ,2016,87.68542,398
Kazakhstan,KAZ,2017,89.30042,398
Kazakhstan,KAZ,2018,89.309814,398
Kazakhstan,KAZ,2019,89.321266,398
Kazakhstan,KAZ,2020,89.33464,398
Kazakhstan,KAZ,2021,89.34997,398
Kuwait,KWT,2000,100,414
Kuwait,KWT,2001,100,414
Kuwait,KWT,2002,100,414
Kuwait,KWT,2003,100,414
Kuwait,KWT,2004,100,414
Kuwait,KWT,2005,100,414
Kuwait,KWT,2006,100,414
Kuwait,KWT,2007,100,414
Kuwait,KWT,2008,100,414
Kuwait,KWT,2009,100,414
Kuwait,KWT,2010,100,414
Kuwait,KWT,2011,100,414
Kuwait,KWT,2012,100,414
Kuwait,KWT,2013,100,414
Kuwait,KWT,2014,100,414
Kuwait,KWT,2015,100,414
Kuwait,KWT,2016,100,414
Kuwait,KWT,2017,100,414
Kuwait,KWT,2018,100,414
Kuwait,KWT,2019,100,414
Kuwait,KWT,2020,100,414
Kuwait,KWT,2021,100,414
Kuwait,KWT,2022,100,414
Kyrgyzstan,KGZ,2000,45.659782,417
Kyrgyzstan,KGZ,2001,45.658703,417
Kyrgyzstan,KGZ,2002,45.942135,417
Kyrgyzstan,KGZ,2003,46.22503,417
Kyrgyzstan,KGZ,2004,46.50846,417
Kyrgyzstan,KGZ,2005,48.28265,417
Kyrgyzstan,KGZ,2006,50.08612,417
Kyrgyzstan,KGZ,2007,51.91783,417
Kyrgyzstan,KGZ,2008,53.778316,417
Kyrgyzstan,KGZ,2009,55.668056,417
Kyrgyzstan,KGZ,2010,57.597218,417
Kyrgyzstan,KGZ,2011,59.56533,417
Kyrgyzstan,KGZ,2012,61.571823,417
Kyrgyzstan,KGZ,2013,63.35695,417
Kyrgyzstan,KGZ,2014,65.130806,417
Kyrgyzstan,KGZ,2015,66.935,417
Kyrgyzstan,KGZ,2016,68.75854,417
Kyrgyzstan,KGZ,2017,70.52173,417
Kyrgyzstan,KGZ,2018,72.30862,417
Kyrgyzstan,KGZ,2019,74.116615,417
Kyrgyzstan,KGZ,2020,76.33854,417
Kyrgyzstan,KGZ,2021,76.409775,417
Kyrgyzstan,KGZ,2022,76.48715,417
Laos,LAO,2000,4.877543,418
Laos,LAO,2001,6.6656404,418
Laos,LAO,2002,8.601665,418
Laos,LAO,2003,10.610356,418
Laos,LAO,2004,11.123852,418
Laos,LAO,2005,11.609333,418
Laos,LAO,2006,12.034746,418
Laos,LAO,2007,12.460381,418
Laos,LAO,2008,12.886683,418
Laos,LAO,2009,13.313028,418
Laos,LAO,2010,13.739709,418
Laos,LAO,2011,14.166714,418
Laos,LAO,2012,14.594178,418
Laos,LAO,2013,15.021489,418
Laos,LAO,2014,15.449086,418
Laos,LAO,2015,15.876808,418
Laos,LAO,2016,16.30479,418
Laos,LAO,2017,16.732582,418
Laos,LAO,2018,17.16017,418
Laos,LAO,2019,17.587696,418
Laos,LAO,2020,17.681904,418
Laos,LAO,2021,17.7767,418
Laos,LAO,2022,17.872076,418
Latvia,LVA,2000,92.38445,428
Latvia,LVA,2001,92.36528,428
Latvia,LVA,2002,92.39397,428
Latvia,LVA,2003,92.430954,428
Latvia,LVA,2004,92.49211,428
Latvia,LVA,2005,92.55305,428
Latvia,LVA,2006,92.636284,428
Latvia,LVA,2007,92.89953,428
Latvia,LVA,2008,93.16433,428
Latvia,LVA,2009,93.43695,428
Latvia,LVA,2010,93.716675,428
Latvia,LVA,2011,93.996735,428
Latvia,LVA,2012,94.277016,428
Latvia,LVA,2013,94.557495,428
Latvia,LVA,2014,94.83807,428
Latvia,LVA,2015,95.11897,428
Latvia,LVA,2016,95.401306,428
Latvia,LVA,2017,95.68483,428
Latvia,LVA,2018,95.969284,428
Latvia,LVA,2019,96.25441,428
Latvia,LVA,2020,96.53996,428
Latvia,LVA,2021,96.82567,428
Latvia,LVA,2022,97.111275,428
Lebanon,LBN,2000,43.4791,422
Lebanon,LBN,2001,43.70599,422
Lebanon,LBN,2002,43.93288,422
Lebanon,LBN,2003,44.159767,422
Lebanon,LBN,2004,44.386658,422
Lebanon,LBN,2005,44.61355,422
Lebanon,LBN,2006,44.84044,422
Lebanon,LBN,2007,45.06733,422
Lebanon,LBN,2008,45.294216,422
Lebanon,LBN,2009,45.521107,422
Lebanon,LBN,2010,45.747997,422
Lebanon,LBN,2011,45.974888,422
Lebanon,LBN,2012,46.20178,422
Lebanon,LBN,2013,46.42867,422
Lebanon,LBN,2014,46.655556,422
Lebanon,LBN,2015,46.882446,422
Lebanon,LBN,2016,47.109337,422
Lebanon,LBN,2017,47.336227,422
Lebanon,LBN,2018,47.563118,422
Lebanon,LBN,2019,47.7,422
Lebanon,LBN,2020,47.7,422
Lebanon,LBN,2021,47.7,422
Lebanon,LBN,2022,47.7,422
Lesotho,LSO,2000,8.852616,426
Lesotho,LSO,2001,9.720051,426
Lesotho,LSO,2002,10.610427,426
Lesotho,LSO,2003,11.523815,426
Lesotho,LSO,2004,12.461596,426
Lesotho,LSO,2005,13.422447,426
Lesotho,LSO,2006,14.40821,426
Lesotho,LSO,2007,15.370616,426
Lesotho,LSO,2008,16.35462,426
Lesotho,LSO,2009,17.359028,426
Lesotho,LSO,2010,18.38572,426
Lesotho,LSO,2011,19.434523,426
Lesotho,LSO,2012,20.382807,426
Lesotho,LSO,2013,21.230095,426
Lesotho,LSO,2014,22.089243,426
Lesotho,LSO,2015,22.960941,426
Lesotho,LSO,2016,23.84412,426
Lesotho,LSO,2017,24.73947,426
Lesotho,LSO,2018,25.650785,426
Lesotho,LSO,2019,26.577694,426
Lesotho,LSO,2020,27.521683,426
Lesotho,LSO,2021,27.865732,426
Lesotho,LSO,2022,28.217487,426
Lithuania,LTU,2000,68.38195,440
Lithuania,LTU,2001,68.72295,440
Lithuania,LTU,2002,69.061226,440
Lithuania,LTU,2003,69.40066,440
Lithuania,LTU,2004,71.213745,440
Lithuania,LTU,2005,73.05331,440
Lithuania,LTU,2006,74.91872,440
Lithuania,LTU,2007,76.798454,440
Lithuania,LTU,2008,78.69247,440
Lithuania,LTU,2009,80.59157,440
Lithuania,LTU,2010,82.49667,440
Lithuania,LTU,2011,84.425,440
Lithuania,LTU,2012,86.38264,440
Lithuania,LTU,2013,88.35362,440
Lithuania,LTU,2014,90.337975,440
Lithuania,LTU,2015,92.335594,440
Lithuania,LTU,2016,93.99288,440
Lithuania,LTU,2017,94.44231,440
Lithuania,LTU,2018,94.87325,440
Lithuania,LTU,2019,94.897484,440
Lithuania,LTU,2020,94.92379,440
Lithuania,LTU,2021,94.95175,440
Lithuania,LTU,2022,94.9815,440
Luxembourg,LUX,2000,99.831566,442
Luxembourg,LUX,2001,99.830315,442
Luxembourg,LUX,2002,99.8294,442
Luxembourg,LUX,2003,99.828514,442
Luxembourg,LUX,2004,99.82765,442
Luxembourg,LUX,2005,99.826805,442
Luxembourg,LUX,2006,99.82598,442
Luxembourg,LUX,2007,99.82518,442
Luxembourg,LUX,2008,99.8244,442
Luxembourg,LUX,2009,99.82365,442
Luxembourg,LUX,2010,99.82291,442
Luxembourg,LUX,2011,99.82219,442
Luxembourg,LUX,2012,99.77649,442
Luxembourg,LUX,2013,99.72375,442
Luxembourg,LUX,2014,99.67429,442
Luxembourg,LUX,2015,99.62786,442
Luxembourg,LUX,2016,99.58425,442
Luxembourg,LUX,2017,99.54323,442
Luxembourg,LUX,2018,99.5046,442
Luxembourg,LUX,2019,99.51253,442
Luxembourg,LUX,2020,99.520065,442
Luxembourg,LUX,2021,99.52723,442
Luxembourg,LUX,2022,99.53408,442
Madagascar,MDG,2000,6.934228,450
Madagascar,MDG,2001,7.488781,450
Madagascar,MDG,2002,8.0596895,450
Madagascar,MDG,2003,8.646787,450
Madagascar,MDG,2004,9.250258,450
Madagascar,MDG,2005,9.932615,450
Madagascar,MDG,2006,10.6359,450
Madagascar,MDG,2007,11.359994,450
Madagascar,MDG,2008,12.105384,450
Madagascar,MDG,2009,12.87111,450
Madagascar,MDG,2010,13.657627,450
Madagascar,MDG,2011,14.4647665,450
Madagascar,MDG,2012,15.292566,450
Madagascar,MDG,2013,16.140831,450
Madagascar,MDG,2014,16.763008,450
Madagascar,MDG,2015,17.386236,450
Madagascar,MDG,2016,18.02669,450
Madagascar,MDG,2017,18.684448,450
Madagascar,MDG,2018,19.359823,450
Madagascar,MDG,2019,20.052565,450
Madagascar,MDG,2020,20.763533,450
Madagascar,MDG,2021,21.492128,450
Madagascar,MDG,2022,22.239223,450
Malawi,MWI,2000,6.930723,454
Malawi,MWI,2001,7.3010607,454
Malawi,MWI,2002,7.680516,454
Malawi,MWI,2003,8.069427,454
Malawi,MWI,2004,8.467421,454
Malawi,MWI,2005,8.8748455,454
Malawi,MWI,2006,9.291318,454
Malawi,MWI,2007,9.717193,454
Malawi,MWI,2008,10.152081,454
Malawi,MWI,2009,10.600551,454
Malawi,MWI,2010,11.062706,454
Malawi,MWI,2011,11.539038,454
Malawi,MWI,2012,12.029254,454
Malawi,MWI,2013,12.534236,454
Malawi,MWI,2014,13.053286,454
Malawi,MWI,2015,13.587684,454
Malawi,MWI,2016,14.136313,454
Malawi,MWI,2017,14.700463,454
Malawi,MWI,2018,15.280214,454
Malawi,MWI,2019,15.87523,454
Malawi,MWI,2020,16.486404,454
Malawi,MWI,2021,17.113388,454
Malawi,MWI,2022,17.75708,454
Malaysia,MYS,2000,92.5773,458
Malaysia,MYS,2001,92.69727,458
Malaysia,MYS,2002,92.76328,458
Malaysia,MYS,2003,92.83031,458
Malaysia,MYS,2004,92.89831,458
Malaysia,MYS,2005,92.96671,458
Malaysia,MYS,2006,93.03588,458
Malaysia,MYS,2007,93.10563,458
Malaysia,MYS,2008,93.17592,458
Malaysia,MYS,2009,93.24629,458
Malaysia,MYS,2010,93.31696,458
Malaysia,MYS,2011,93.37021,458
Malaysia,MYS,2012,93.420815,458
Malaysia,MYS,2013,93.4715,458
Malaysia,MYS,2014,93.52267,458
Malaysia,MYS,2015,93.57384,458
Malaysia,MYS,2016,93.625275,458
Malaysia,MYS,2017,93.67532,458
Malaysia,MYS,2018,93.724205,458
Malaysia,MYS,2019,93.771866,458
Malaysia,MYS,2020,93.81822,458
Malaysia,MYS,2021,93.863365,458
Malaysia,MYS,2022,93.94192,458
Mexico,MEX,2000,39.592655,484
Mexico,MEX,2001,39.776936,484
Mexico,MEX,2002,39.95924,484
Mexico,MEX,2003,40.139606,484
Mexico,MEX,2004,40.318104,484
Mexico,MEX,2005,40.494644,484
Mexico,MEX,2006,40.66932,484
Mexico,MEX,2007,40.842094,484
Mexico,MEX,2008,41.0131,484
Mexico,MEX,2009,41.182266,484
Mexico,MEX,2010,41.349667,484
Mexico,MEX,2011,41.515476,484
Mexico,MEX,2012,41.679592,484
Mexico,MEX,2013,41.842083,484
Mexico,MEX,2014,42.00296,484
Mexico,MEX,2015,42.162163,484
Mexico,MEX,2016,42.31976,484
Mexico,MEX,2017,42.4757,484
Mexico,MEX,2018,42.630024,484
Mexico,MEX,2019,42.782745,484
Mexico,MEX,2020,42.8921,484
Mexico,MEX,2021,42.96604,484
Mexico,MEX,2022,43.03788,484
Moldova,MDA,2000,40.353283,498
Moldova,MDA,2001,42.261364,498
Moldova,MDA,2002,44.215874,498
Moldova,MDA,2003,46.217403,498
Moldova,MDA,2004,48.26705,498
Moldova,MDA,2005,50.455475,498
Moldova,MDA,2006,52.77063,498
Moldova,MDA,2007,55.117805,498
Moldova,MDA,2008,57.49706,498
Moldova,MDA,2009,59.90842,498
Moldova,MDA,2010,62.351955,498
Moldova,MDA,2011,64.82769,498
Moldova,MDA,2012,67.335686,498
Moldova,MDA,2013,69.875984,498
Moldova,MDA,2014,72.44862,498
Moldova,MDA,2015,72.773735,498
Moldova,MDA,2016,73.10594,498
Moldova,MDA,2017,73.44444,498
Moldova,MDA,2018,73.789215,498
Moldova,MDA,2019,74.139725,498
Moldova,MDA,2020,74.49594,498
Moldova,MDA,2021,74.857574,498
Moldova,MDA,2022,75.22434,498
Mongolia,MNG,2000,18.255875,496
Mongolia,MNG,2001,19.215406,496
Mongolia,MNG,2002,20.196634,496
Mongolia,MNG,2003,21.19854,496
Mongolia,MNG,2004,22.220083,496
Mongolia,MNG,2005,23.258907,496
Mongolia,MNG,2006,24.315554,496
Mongolia,MNG,2007,25.388634,496
Mongolia,MNG,2008,26.477415,496
Mongolia,MNG,2009,27.57911,496
Mongolia,MNG,2010,28.695032,496
Mongolia,MNG,2011,29.620155,496
Mongolia,MNG,2012,30.440584,496
Mongolia,MNG,2013,31.271063,496
Mongolia,MNG,2014,32.11119,496
Mongolia,MNG,2015,32.96165,496
Mongolia,MNG,2016,33.822056,496
Mongolia,MNG,2017,34.691986,496
Mongolia,MNG,2018,35.577793,496
Mongolia,MNG,2019,36.479572,496
Mongolia,MNG,2020,37.39738,496
Mongolia,MNG,2021,38.330517,496
Mongolia,MNG,2022,39.280155,496
Montenegro,MNE,2006,83.86928,499
Montenegro,MNE,2007,83.9874,499
Montenegro,MNE,2008,84.07976,499
Montenegro,MNE,2009,84.17143,499
Montenegro,MNE,2010,84.26259,499
Montenegro,MNE,2011,84.353294,499
Montenegro,MNE,2012,84.44356,499
Montenegro,MNE,2013,84.53345,499
Montenegro,MNE,2014,84.62296,499
Montenegro,MNE,2015,84.712105,499
Montenegro,MNE,2016,84.8008,499
Montenegro,MNE,2017,84.88911,499
Montenegro,MNE,2018,84.953575,499
Montenegro,MNE,2019,85.01322,499
Montenegro,MNE,2020,85.0722,499
Montenegro,MNE,2021,85.09556,499
Montenegro,MNE,2022,85.11892,499
Morocco,MAR,2000,41.516567,504
Morocco,MAR,2001,41.95547,504
Morocco,MAR,2002,42.393078,504
Morocco,MAR,2003,42.828274,504
Morocco,MAR,2004,43.261616,504
Morocco,MAR,2005,43.805397,504
Morocco,MAR,2006,44.36928,504
Morocco,MAR,2007,44.92939,504
Morocco,MAR,2008,47.73959,504
Morocco,MAR,2009,50.60236,504
Morocco,MAR,2010,53.51767,504
Morocco,MAR,2011,56.482193,504
Morocco,MAR,2012,59.49482,504
Morocco,MAR,2013,62.553364,504
Morocco,MAR,2014,65.65674,504
Morocco,MAR,2015,68.28291,504
Morocco,MAR,2016,69.90109,504
Morocco,MAR,2017,71.52532,504
Morocco,MAR,2018,73.15412,504
Morocco,MAR,2019,73.584076,504
Morocco,MAR,2020,73.91218,504
Morocco,MAR,2021,74.59271,504
Morocco,MAR,2022,74.824196,504
Myanmar,MMR,2000,27.514257,104
Myanmar,MMR,2001,28.961226,104
Myanmar,MMR,2002,30.434303,104
Myanmar,MMR,2003,31.933739,104
Myanmar,MMR,2004,33.459457,104
Myanmar,MMR,2005,35.011383,104
Myanmar,MMR,2006,36.589092,104
Myanmar,MMR,2007,38.19285,104
Myanmar,MMR,2008,39.822567,104
Myanmar,MMR,2009,41.477825,104
Myanmar,MMR,2010,43.159233,104
Myanmar,MMR,2011,44.668446,104
Myanmar,MMR,2012,45.984425,104
Myanmar,MMR,2013,47.316082,104
Myanmar,MMR,2014,48.66386,104
Myanmar,MMR,2015,50.031273,104
Myanmar,MMR,2016,51.417805,104
Myanmar,MMR,2017,52.822575,104
Myanmar,MMR,2018,54.24494,104
Myanmar,MMR,2019,55.683693,104
Myanmar,MMR,2020,56.771027,104
Myanmar,MMR,2021,57.325474,104
Myanmar,MMR,2022,57.3965,104
Nepal,NPL,2000,26.741066,524
Nepal,NPL,2001,27.037687,524
Nepal,NPL,2002,27.299574,524
Nepal,NPL,2003,27.560543,524
Nepal,NPL,2004,27.82055,524
Nepal,NPL,2005,28.07956,524
Nepal,NPL,2006,28.337532,524
Nepal,NPL,2007,28.594538,524
Nepal,NPL,2008,28.850422,524
Nepal,NPL,2009,29.105146,524
Nepal,NPL,2010,29.358671,524
Nepal,NPL,2011,29.61106,524
Nepal,NPL,2012,29.862654,524
Nepal,NPL,2013,28.432566,524
Nepal,NPL,2014,26.976387,524
Nepal,NPL,2015,25.494219,524
Nepal,NPL,2016,23.986555,524
Nepal,NPL,2017,22.453627,524
Nepal,NPL,2018,20.895864,524
Nepal,NPL,2019,19.313541,524
Nepal,NPL,2020,17.707117,524
Nepal,NPL,2021,16.0769,524
Nepal,NPL,2022,16.116636,524
Netherlands,NLD,2000,99.99387,528
Netherlands,NLD,2001,99.99269,528
Netherlands,NLD,2002,99.99151,528
Netherlands,NLD,2003,99.99033,528
Netherlands,NLD,2004,99.98915,528
Netherlands,NLD,2005,99.98797,528
Netherlands,NLD,2006,99.986786,528
Netherlands,NLD,2007,99.98561,528
Netherlands,NLD,2008,99.98443,528
Netherlands,NLD,2009,99.983246,528
Netherlands,NLD,2010,99.98206,528
Netherlands,NLD,2011,99.98088,528
Netherlands,NLD,2012,99.979706,528
Netherlands,NLD,2013,99.97852,528
Netherlands,NLD,2014,99.97734,528
Netherlands,NLD,2015,99.97616,528
Netherlands,NLD,2016,99.974976,528
Netherlands,NLD,2017,99.9738,528
Netherlands,NLD,2018,99.97262,528
Netherlands,NLD,2019,99.971436,528
Netherlands,NLD,2020,99.97026,528
Netherlands,NLD,2021,99.96908,528
Netherlands,NLD,2022,99.96789,528
New Caledonia,NCL,2000,87.04396,540
New Caledonia,NCL,2001,87.04396,540
New Caledonia,NCL,2002,87.04396,540
New Caledonia,NCL,2003,87.70611,540
New Caledonia,NCL,2004,88.37045,540
New Caledonia,NCL,2005,89.036995,540
New Caledonia,NCL,2006,89.705734,540
New Caledonia,NCL,2007,90.37666,540
New Caledonia,NCL,2008,91.04979,540
New Caledonia,NCL,2009,91.72511,540
New Caledonia,NCL,2010,92.40263,540
New Caledonia,NCL,2011,93.08235,540
New Caledonia,NCL,2012,93.76426,540
New Caledonia,NCL,2013,94.448364,540
New Caledonia,NCL,2014,95.134674,540
New Caledonia,NCL,2015,95.50278,540
New Caledonia,NCL,2016,95.72986,540
New Caledonia,NCL,2017,95.95695,540
New Caledonia,NCL,2018,96.18403,540
New Caledonia,NCL,2019,96.41112,540
New Caledonia,NCL,2020,96.6382,540
New Caledonia,NCL,2021,96.86529,540
New Caledonia,NCL,2022,96.86529,540
New Zealand,NZL,2000,84.39357,554
New Zealand,NZL,2001,84.39357,554
New Zealand,NZL,2002,84.39357,554
New Zealand,NZL,2003,84.39357,554
New Zealand,NZL,2004,84.39357,554
New Zealand,NZL,2005,84.39357,554
New Zealand,NZL,2006,85.37428,554
New Zealand,NZL,2007,86.355,554
New Zealand,NZL,2008,87.33571,554
New Zealand,NZL,2009,88.31643,554
New Zealand,NZL,2010,89.29714,554
New Zealand,NZL,2011,90.27786,554
New Zealand,NZL,2012,91.258575,554
New Zealand,NZL,2013,92.23929,554
New Zealand,NZL,2014,93.22,554
New Zealand,NZL,2015,94.200714,554
New Zealand,NZL,2016,95.18143,554
New Zealand,NZL,2017,96.16215,554
New Zealand,NZL,2018,97.14286,554
New Zealand,NZL,2019,98.12357,554
New Zealand,NZL,2020,99.10429,554
New Zealand,NZL,2021,100,554
New Zealand,NZL,2022,100,554
Nicaragua,NIC,2000,47.849022,558
Nicaragua,NIC,2001,47.949993,558
Nicaragua,NIC,2002,48.051052,558
Nicaragua,NIC,2003,48.152588,558
Nicaragua,NIC,2004,48.2546,558
Nicaragua,NIC,2005,48.358696,558
Nicaragua,NIC,2006,48.481026,558
Nicaragua,NIC,2007,48.60358,558
Nicaragua,NIC,2008,49.635544,558
Nicaragua,NIC,2009,50.656265,558
Nicaragua,NIC,2010,51.666187,558
Nicaragua,NIC,2011,52.665356,558
Nicaragua,NIC,2012,53.653816,558
Nicaragua,NIC,2013,54.63162,558
Nicaragua,NIC,2014,55.080795,558
Nicaragua,NIC,2015,55.167545,558
Nicaragua,NIC,2016,55.25507,558
Nicaragua,NIC,2017,55.310844,558
Nicaragua,NIC,2018,55.374985,558
Nicaragua,NIC,2019,55.443436,558
Nicaragua,NIC,2020,55.51592,558
Nigeria,NGA,2000,12.600809,566
Nigeria,NGA,2001,12.965819,566
Nigeria,NGA,2002,13.777433,566
Nigeria,NGA,2003,14.61391,566
Nigeria,NGA,2004,15.4754925,566
Nigeria,NGA,2005,16.362274,566
Nigeria,NGA,2006,17.274704,566
Nigeria,NGA,2007,18.213123,566
Nigeria,NGA,2008,19.177872,566
Nigeria,NGA,2009,20.16865,566
Nigeria,NGA,2010,21.18622,566
Nigeria,NGA,2011,22.228798,566
Nigeria,NGA,2012,23.201637,566
Nigeria,NGA,2013,23.791672,566
Nigeria,NGA,2014,24.37981,566
Nigeria,NGA,2015,24.965881,566
Nigeria,NGA,2016,25.549215,566
Nigeria,NGA,2017,26.130014,566
Nigeria,NGA,2018,26.707813,566
Nigeria,NGA,2019,27.282337,566
Nigeria,NGA,2020,27.85349,566
Nigeria,NGA,2021,28.42103,566
Nigeria,NGA,2022,28.984884,566
North Korea,PRK,2000,68.99947,408
North Korea,PRK,2001,69.01835,408
North Korea,PRK,2002,69.03723,408
North Korea,PRK,2003,69.05587,408
North Korea,PRK,2004,69.036316,408
North Korea,PRK,2005,68.8284,408
North Korea,PRK,2006,68.62117,408
North Korea,PRK,2007,68.41413,408
North Korea,PRK,2008,68.20753,408
North Korea,PRK,2009,68.020874,408
North Korea,PRK,2010,67.842,408
North Korea,PRK,2011,67.66362,408
North Korea,PRK,2012,67.48652,408
North Korea,PRK,2013,67.31016,408
North Korea,PRK,2014,67.1348,408
North Korea,PRK,2015,66.96019,408
North Korea,PRK,2016,66.79067,408
North Korea,PRK,2017,66.625824,408
North Korea,PRK,2018,66.46603,408
North Korea,PRK,2019,66.31141,408
North Korea,PRK,2020,66.3809,408
North Korea,PRK,2021,66.45432,408
North Korea,PRK,2022,66.5314,408
North Macedonia,MKD,2000,80.47444,807
North Macedonia,MKD,2001,80.45274,807
North Macedonia,MKD,2002,80.43104,807
North Macedonia,MKD,2003,80.409325,807
North Macedonia,MKD,2004,80.38752,807
North Macedonia,MKD,2005,80.37092,807
North Macedonia,MKD,2006,80.357506,807
North Macedonia,MKD,2007,80.347275,807
North Macedonia,MKD,2008,80.34019,807
North Macedonia,MKD,2009,80.33632,807
North Macedonia,MKD,2010,80.335556,807
North Macedonia,MKD,2011,80.33797,807
North Macedonia,MKD,2012,80.34343,807
North Macedonia,MKD,2013,80.35201,807
North Macedonia,MKD,2014,80.36369,807
North Macedonia,MKD,2015,80.37824,807
North Macedonia,MKD,2016,80.39584,807
North Macedonia,MKD,2017,80.41637,807
North Macedonia,MKD,2018,80.32379,807
North Macedonia,MKD,2019,80.35073,807
North Macedonia,MKD,2020,80.3805,807
North Macedonia,MKD,2021,80.413185,807
North Macedonia,MKD,2022,80.44703,807
Norway,NOR,2000,99.90883,578
Norway,NOR,2001,99.90883,578
Norway,NOR,2002,99.90883,578
Norway,NOR,2003,99.85454,578
Norway,NOR,2004,99.800255,578
Norway,NOR,2005,99.745964,578
Norway,NOR,2006,99.69168,578
Norway,NOR,2007,99.6374,578
Norway,NOR,2008,99.58311,578
Norway,NOR,2009,99.528824,578
Norway,NOR,2010,99.47454,578
Norway,NOR,2011,99.42025,578
Norway,NOR,2012,99.36597,578
Norway,NOR,2013,99.31168,578
Norway,NOR,2014,99.25739,578
Norway,NOR,2015,99.20311,578
Norway,NOR,2016,99.14882,578
Norway,NOR,2017,99.094536,578
Norway,NOR,2018,99.040245,578
Norway,NOR,2019,98.98596,578
Norway,NOR,2020,98.93168,578
Norway,NOR,2021,98.877396,578
Norway,NOR,2022,98.82311,578
Oman,OMN,2000,83.89832,512
Oman,OMN,2001,83.89375,512
Oman,OMN,2002,83.889175,512
Oman,OMN,2003,83.8846,512
Oman,OMN,2004,83.957375,512
Oman,OMN,2005,84.32566,512
Oman,OMN,2006,84.69062,512
Oman,OMN,2007,85.05205,512
Oman,OMN,2008,85.40998,512
Oman,OMN,2009,85.76402,512
Oman,OMN,2010,86.11467,512
Oman,OMN,2011,86.56857,512
Oman,OMN,2012,87.09616,512
Oman,OMN,2013,87.60554,512
Oman,OMN,2014,88.09872,512
Oman,OMN,2015,88.575356,512
Oman,OMN,2016,89.036385,512
Oman,OMN,2017,89.47487,512
Oman,OMN,2018,89.8931,512
Oman,OMN,2019,90.26776,512
Oman,OMN,2020,90.55717,512
Oman,OMN,2021,90.710655,512
Oman,OMN,2022,90.851746,512
Pakistan,PAK,2000,34.82704,586
Pakistan,PAK,2001,34.93716,586
Pakistan,PAK,2002,35.047283,586
Pakistan,PAK,2003,35.157074,586
Pakistan,PAK,2004,35.266693,586
Pakistan,PAK,2005,35.56516,586
Pakistan,PAK,2006,35.865868,586
Pakistan,PAK,2007,36.168842,586
Pakistan,PAK,2008,36.47391,586
Pakistan,PAK,2009,37.465393,586
Pakistan,PAK,2010,38.4596,586
Pakistan,PAK,2011,39.45648,586
Pakistan,PAK,2012,40.455967,586
Pakistan,PAK,2013,41.457695,586
Pakistan,PAK,2014,42.46194,586
Pakistan,PAK,2015,43.46864,586
Pakistan,PAK,2016,44.47773,586
Pakistan,PAK,2017,45.48902,586
Pakistan,PAK,2018,46.504486,586
Pakistan,PAK,2019,47.523884,586
Pakistan,PAK,2020,48.546833,586
Pakistan,PAK,2021,49.572968,586
Pakistan,PAK,2022,50.60178,586
Palestine,PSE,2000,73.13645,275
Palestine,PSE,2001,73.46891,275
Palestine,PSE,2002,73.80082,275
Palestine,PSE,2003,74.13202,275
Palestine,PSE,2004,74.46268,275
Palestine,PSE,2005,74.79263,275
Palestine,PSE,2006,75.12199,275
Palestine,PSE,2007,75.45079,275
Palestine,PSE,2008,75.77892,275
Palestine,PSE,2009,76.10691,275
Palestine,PSE,2010,76.43481,275
Palestine,PSE,2011,76.76253,275
Palestine,PSE,2012,77.09004,275
Palestine,PSE,2013,77.41733,275
Palestine,PSE,2014,77.744354,275
Palestine,PSE,2015,78.07105,275
Palestine,PSE,2016,78.3974,275
Palestine,PSE,2017,78.723434,275
Palestine,PSE,2018,79.04902,275
Palestine,PSE,2019,79.374245,275
Palestine,PSE,2020,79.698944,275
Palestine,PSE,2021,80.02319,275
Palestine,PSE,2022,80.330185,275
Paraguay,PRY,2000,49.83634,600
Paraguay,PRY,2001,50.792397,600
Paraguay,PRY,2002,51.734894,600
Paraguay,PRY,2003,52.56899,600
Paraguay,PRY,2004,53.37761,600
Paraguay,PRY,2005,54.17942,600
Paraguay,PRY,2006,54.97409,600
Paraguay,PRY,2007,55.761646,600
Paraguay,PRY,2008,56.542442,600
Paraguay,PRY,2009,57.316162,600
Paraguay,PRY,2010,58.082848,600
Paraguay,PRY,2011,58.84252,600
Paraguay,PRY,2012,59.595493,600
Paraguay,PRY,2013,60.33296,600
Paraguay,PRY,2014,61.061073,600
Paraguay,PRY,2015,61.78319,600
Paraguay,PRY,2016,62.499588,600
Paraguay,PRY,2017,63.209805,600
Paraguay,PRY,2018,63.916706,600
Paraguay,PRY,2019,64.01893,600
Paraguay,PRY,2020,64.08422,600
Paraguay,PRY,2021,64.15145,600
Paraguay,PRY,2022,64.220604,600
Peru,PER,2000,44.898407,604
Peru,PER,2001,45.297035,604
Peru,PER,2002,45.691906,604
Peru,PER,2003,46.08346,604
Peru,PER,2004,46.471317,604
Peru,PER,2005,46.855087,604
Peru,PER,2006,47.235638,604
Peru,PER,2007,47.612167,604
Peru,PER,2008,47.933006,604
Peru,PER,2009,48.228485,604
Peru,PER,2010,48.52299,604
Peru,PER,2011,48.81574,604
Peru,PER,2012,49.10753,604
Peru,PER,2013,49.39757,604
Peru,PER,2014,49.686287,604
Peru,PER,2015,49.974052,604
Peru,PER,2016,50.260113,604
Peru,PER,2017,50.544853,604
Peru,PER,2018,50.83094,604
Peru,PER,2019,51.117947,604
Peru,PER,2020,51.406208,604
Peru,PER,2021,51.695312,604
Peru,PER,2022,51.98521,604
Philippines,PHL,2000,40.57443,608
Philippines,PHL,2001,40.68244,608
Philippines,PHL,2002,41.828182,608
Philippines,PHL,2003,42.992058,608
Philippines,PHL,2004,44.174133,608
Philippines,PHL,2005,44.532215,608
Philippines,PHL,2006,44.669987,608
Philippines,PHL,2007,44.80796,608
Philippines,PHL,2008,44.94614,608
Philippines,PHL,2009,45.08481,608
Philippines,PHL,2010,45.236443,608
Philippines,PHL,2011,45.452885,608
Philippines,PHL,2012,45.66887,608
Philippines,PHL,2013,45.884674,608
Philippines,PHL,2014,46.099743,608
Philippines,PHL,2015,46.314632,608
Philippines,PHL,2016,46.529064,608
Philippines,PHL,2017,46.747444,608
Philippines,PHL,2018,46.97026,608
Philippines,PHL,2019,47.197174,608
Philippines,PHL,2020,47.428127,608
Philippines,PHL,2021,47.66306,608
Philippines,PHL,2022,47.901905,608
Poland,POL,2005,91.9585,616
Poland,POL,2006,92.34341,616
Poland,POL,2007,92.729965,616
Poland,POL,2008,93.118195,616
Poland,POL,2009,93.50833,616
Poland,POL,2010,93.23505,616
Poland,POL,2011,92.95179,616
Poland,POL,2012,92.65699,616
Poland,POL,2013,92.35212,616
Poland,POL,2014,92.0369,616
Poland,POL,2015,91.71145,616
Poland,POL,2016,91.37842,616
Poland,POL,2017,91.038124,616
Poland,POL,2018,90.69059,616
Poland,POL,2019,90.335976,616
Poland,POL,2020,89.61919,616
Poland,POL,2021,88.90618,616
Poland,POL,2022,88.9145,616
Portugal,PRT,2000,93.65894,620
Portugal,PRT,2001,93.693436,620
Portugal,PRT,2002,93.72778,620
Portugal,PRT,2003,93.76341,620
Portugal,PRT,2004,93.80032,620
Portugal,PRT,2005,93.838234,620
Portugal,PRT,2006,93.87748,620
Portugal,PRT,2007,93.91785,620
Portugal,PRT,2008,93.9594,620
Portugal,PRT,2009,94.0019,620
Portugal,PRT,2010,94.12394,620
Portugal,PRT,2011,94.24457,620
Portugal,PRT,2012,94.363716,620
Portugal,PRT,2013,94.452354,620
Portugal,PRT,2014,94.53891,620
Portugal,PRT,2015,94.623344,620
Portugal,PRT,2016,94.70568,620
Portugal,PRT,2017,94.78596,620
Portugal,PRT,2018,94.864136,620
Portugal,PRT,2019,94.94031,620
Portugal,PRT,2020,95.01444,620
Portugal,PRT,2021,95.08658,620
Portugal,PRT,2022,95.15673,620
Puerto Rico,PRI,2000,75.13195,630
Puerto Rico,PRI,2001,75.24593,630
Puerto Rico,PRI,2002,75.35992,630
Puerto Rico,PRI,2003,75.47389,630
Puerto Rico,PRI,2004,75.587875,630
Puerto Rico,PRI,2005,75.70186,630
Puerto Rico,PRI,2006,75.81584,630
Puerto Rico,PRI,2007,75.92982,630
Puerto Rico,PRI,2008,76.0438,630
Puerto Rico,PRI,2009,78.83245,630
Puerto Rico,PRI,2010,81.62911,630
Puerto Rico,PRI,2011,84.43378,630
Puerto Rico,PRI,2012,87.24645,630
Puerto Rico,PRI,2013,90.06713,630
Puerto Rico,PRI,2014,92.89581,630
Puerto Rico,PRI,2015,95.732506,630
Puerto Rico,PRI,2016,98.5772,630
Puerto Rico,PRI,2017,99.446144,630
Puerto Rico,PRI,2018,99.741165,630
Puerto Rico,PRI,2019,99.87311,630
Puerto Rico,PRI,2020,99.87311,630
Puerto Rico,PRI,2021,99.87311,630
Puerto Rico,PRI,2022,99.87311,630
Qatar,QAT,2000,96.34022,634
Qatar,QAT,2001,96.34022,634
Qatar,QAT,2002,96.34022,634
Qatar,QAT,2003,96.34022,634
Qatar,QAT,2004,96.34022,634
Qatar,QAT,2005,96.34022,634
Qatar,QAT,2006,96.34022,634
Qatar,QAT,2007,96.34022,634
Qatar,QAT,2008,96.34022,634
Qatar,QAT,2009,96.68584,634
Qatar,QAT,2010,97.0315,634
Qatar,QAT,2011,97.3772,634
Qatar,QAT,2012,97.722946,634
Qatar,QAT,2013,97.57927,634
Qatar,QAT,2014,97.42227,634
Qatar,QAT,2015,97.26526,634
Qatar,QAT,2016,97.10822,634
Qatar,QAT,2017,96.951164,634
Qatar,QAT,2018,96.79409,634
Qatar,QAT,2019,96.63699,634
Qatar,QAT,2020,96.64294,634
Qatar,QAT,2021,96.64887,634
Qatar,QAT,2022,96.654816,634
Romania,ROU,2000,81.65202,642
Romania,ROU,2001,81.609,642
Romania,ROU,2002,81.588615,642
Romania,ROU,2003,81.62598,642
Romania,ROU,2004,81.66306,642
Romania,ROU,2005,81.700134,642
Romania,ROU,2006,81.73721,642
Romania,ROU,2007,81.77429,642
Romania,ROU,2008,81.81137,642
Romania,ROU,2009,81.84845,642
Romania,ROU,2010,81.88552,642
Romania,ROU,2011,81.9226,642
Romania,ROU,2012,81.92657,642
Romania,ROU,2013,81.91609,642
Romania,ROU,2014,81.90562,642
Romania,ROU,2015,81.90194,642
Romania,ROU,2016,81.90562,642
Romania,ROU,2017,81.91581,642
Romania,ROU,2018,81.93336,642
Romania,ROU,2019,81.957695,642
Romania,ROU,2020,81.98883,642
Romania,ROU,2021,82.02704,642
Romania,ROU,2022,82.07233,642
Russia,RUS,2000,74.74428,643
Russia,RUS,2001,74.74309,643
Russia,RUS,2002,74.78977,643
Russia,RUS,2003,74.84738,643
Russia,RUS,2004,74.90872,643
Russia,RUS,2005,74.96994,643
Russia,RUS,2006,75.03104,643
Russia,RUS,2007,75.092,643
Russia,RUS,2008,75.152855,643
Russia,RUS,2009,75.21329,643
Russia,RUS,2010,75.27389,643
Russia,RUS,2011,75.334366,643
Russia,RUS,2012,75.398674,643
Russia,RUS,2013,75.46647,643
Russia,RUS,2014,75.53827,643
Russia,RUS,2015,75.61346,643
Russia,RUS,2016,75.69224,643
Russia,RUS,2017,75.774574,643
Russia,RUS,2018,75.860115,643
Russia,RUS,2019,75.94883,643
Russia,RUS,2020,76.04064,643
Russia,RUS,2021,76.135506,643
Russia,RUS,2022,76.23311,643
Senegal,SEN,2000,20.02957,686
Senegal,SEN,2001,20.263725,686
Senegal,SEN,2002,20.497179,686
Senegal,SEN,2003,20.776388,686
Senegal,SEN,2004,21.091127,686
Senegal,SEN,2005,21.404764,686
Senegal,SEN,2006,21.717913,686
Senegal,SEN,2007,22.03026,686
Senegal,SEN,2008,22.3418,686
Senegal,SEN,2009,22.65223,686
Senegal,SEN,2010,22.962149,686
Senegal,SEN,2011,23.271248,686
Senegal,SEN,2012,23.579227,686
Senegal,SEN,2013,23.886383,686
Senegal,SEN,2014,24.19271,686
Senegal,SEN,2015,24.500572,686
Senegal,SEN,2016,24.809637,686
Senegal,SEN,2017,25.120453,686
Senegal,SEN,2018,25.432404,686
Senegal,SEN,2019,25.745743,686
Senegal,SEN,2020,26.060146,686
Senegal,SEN,2021,26.37587,686
Senegal,SEN,2022,26.69259,686
Serbia,SRB,2000,74.34195,688
Serbia,SRB,2001,74.38126,688
Serbia,SRB,2002,74.42055,688
Serbia,SRB,2003,74.459656,688
Serbia,SRB,2004,74.49904,688
Serbia,SRB,2005,74.538086,688
Serbia,SRB,2006,74.57712,688
Serbia,SRB,2007,74.616264,688
Serbia,SRB,2008,74.655235,688
Serbia,SRB,2009,74.69418,688
Serbia,SRB,2010,74.73295,688
Serbia,SRB,2011,74.77184,688
Serbia,SRB,2012,74.79855,688
Serbia,SRB,2013,74.82105,688
Serbia,SRB,2014,74.84368,688
Serbia,SRB,2015,74.86615,688
Serbia,SRB,2016,74.888756,688
Serbia,SRB,2017,74.91404,688
Serbia,SRB,2018,74.94201,688
Serbia,SRB,2019,74.97264,688
Serbia,SRB,2020,75.00594,688
Serbia,SRB,2021,75.042076,688
Serbia,SRB,2022,75.07525,688
Sierra Leone,SLE,2000,5.193293,694
Sierra Leone,SLE,2001,5.3065777,694
Sierra Leone,SLE,2002,5.4876246,694
Sierra Leone,SLE,2003,5.674207,694
Sierra Leone,SLE,2004,5.8662515,694
Sierra Leone,SLE,2005,6.069888,694
Sierra Leone,SLE,2006,6.2832136,694
Sierra Leone,SLE,2007,6.5013094,694
Sierra Leone,SLE,2008,6.7240515,694
Sierra Leone,SLE,2009,6.9512444,694
Sierra Leone,SLE,2010,7.1827683,694
Sierra Leone,SLE,2011,7.418571,694
Sierra Leone,SLE,2012,7.658525,694
Sierra Leone,SLE,2013,7.9023767,694
Sierra Leone,SLE,2014,8.150132,694
Sierra Leone,SLE,2015,8.401603,694
Sierra Leone,SLE,2016,8.65672,694
Sierra Leone,SLE,2017,8.915711,694
Sierra Leone,SLE,2018,9.178475,694
Sierra Leone,SLE,2019,9.444749,694
Sierra Leone,SLE,2020,9.7143135,694
Sierra Leone,SLE,2021,9.986945,694
Sierra Leone,SLE,2022,10.262419,694
Slovakia,SVK,2000,92.17964,703
Slovakia,SVK,2001,92.177986,703
Slovakia,SVK,2002,92.813324,703
Slovakia,SVK,2003,93.44967,703
Slovakia,SVK,2004,94.08702,703
Slovakia,SVK,2005,94.72538,703
Slovakia,SVK,2006,95.36474,703
Slovakia,SVK,2007,96.005104,703
Slovakia,SVK,2008,96.64649,703
Slovakia,SVK,2009,97.28888,703
Slovakia,SVK,2010,97.93309,703
Slovakia,SVK,2011,98.57904,703
Slovakia,SVK,2012,98.82872,703
Slovakia,SVK,2013,98.86433,703
Slovakia,SVK,2014,98.899925,703
Slovakia,SVK,2015,98.93553,703
Slovakia,SVK,2016,98.97113,703
Slovakia,SVK,2017,99.00673,703
Slovakia,SVK,2018,99.04233,703
Slovakia,SVK,2019,99.07793,703
Slovakia,SVK,2020,99.11353,703
Slovakia,SVK,2021,99.14913,703
Slovakia,SVK,2022,99.18473,703
Slovenia,SVN,2000,91.10523,705
Slovenia,SVN,2001,91.10523,705
Slovenia,SVN,2002,91.10523,705
Slovenia,SVN,2003,91.10523,705
Slovenia,SVN,2004,91.10523,705
Slovenia,SVN,2005,91.10523,705
Slovenia,SVN,2006,91.10523,705
Slovenia,SVN,2007,91.10523,705
Slovenia,SVN,2008,91.10523,705
Slovenia,SVN,2009,91.10523,705
Slovenia,SVN,2010,91.78527,705
Slovenia,SVN,2011,92.46532,705
Slovenia,SVN,2012,93.14536,705
Slovenia,SVN,2013,93.8254,705
Slovenia,SVN,2014,94.50545,705
Slovenia,SVN,2015,95.18549,705
Slovenia,SVN,2016,95.86553,705
Slovenia,SVN,2017,96.54558,705
Slovenia,SVN,2018,97.225624,705
Slovenia,SVN,2019,97.90566,705
Slovenia,SVN,2020,98.27432,705
Slovenia,SVN,2021,98.27432,705
Slovenia,SVN,2022,98.27432,705
South Korea,KOR,2002,97.10565,410
South Korea,KOR,2003,97.10565,410
South Korea,KOR,2004,97.10565,410
South Korea,KOR,2005,97.10565,410
South Korea,KOR,2006,97.10565,410
South Korea,KOR,2007,97.27112,410
South Korea,KOR,2008,97.43673,410
South Korea,KOR,2009,97.60248,410
South Korea,KOR,2010,97.76837,410
South Korea,KOR,2011,97.9344,410
South Korea,KOR,2012,98.10057,410
South Korea,KOR,2013,98.266884,410
South Korea,KOR,2014,98.43334,410
South Korea,KOR,2015,98.583755,410
South Korea,KOR,2016,98.692696,410
South Korea,KOR,2017,98.80168,410
South Korea,KOR,2018,98.91071,410
South Korea,KOR,2019,99.01979,410
South Korea,KOR,2020,99.128914,410
South Korea,KOR,2021,99.21022,410
South Korea,KOR,2022,99.28012,410
Spain,ESP,2000,99.352005,724
Spain,ESP,2001,99.35277,724
Spain,ESP,2002,99.38708,724
Spain,ESP,2003,99.42211,724
Spain,ESP,2004,99.45735,724
Spain,ESP,2005,99.49275,724
Spain,ESP,2006,99.52834,724
Spain,ESP,2007,99.564125,724
Spain,ESP,2008,99.60008,724
Spain,ESP,2009,99.60359,724
Spain,ESP,2010,99.60647,724
Spain,ESP,2011,99.60933,724
Spain,ESP,2012,99.59834,724
Spain,ESP,2013,99.57172,724
Spain,ESP,2014,99.54494,724
Spain,ESP,2015,99.547646,724
Spain,ESP,2016,99.55037,724
Spain,ESP,2017,99.553116,724
Spain,ESP,2018,99.55588,724
Spain,ESP,2019,99.55868,724
Spain,ESP,2020,99.56148,724
Spain,ESP,2021,99.56429,724
Spain,ESP,2022,99.56715,724
Sri Lanka,LKA,2000,44.6906,144
Sri Lanka,LKA,2001,44.820007,144
Sri Lanka,LKA,2002,44.948925,144
Sri Lanka,LKA,2003,45.078354,144
Sri Lanka,LKA,2004,45.207798,144
Sri Lanka,LKA,2005,45.336754,144
Sri Lanka,LKA,2006,45.526264,144
Sri Lanka,LKA,2007,45.715332,144
Sri Lanka,LKA,2008,45.904957,144
Sri Lanka,LKA,2009,46.094643,144
Sri Lanka,LKA,2010,46.283875,144
Sri Lanka,LKA,2011,46.47367,144
Sri Lanka,LKA,2012,46.66353,144
Sri Lanka,LKA,2013,46.86228,144
Sri Lanka,LKA,2014,47.0706,144
Sri Lanka,LKA,2015,47.288647,144
Sri Lanka,LKA,2016,47.516056,144
Sri Lanka,LKA,2017,47.753513,144
Sri Lanka,LKA,2018,48.00171,144
Sri Lanka,LKA,2019,47.82529,144
Sri Lanka,LKA,2020,47.591423,144
Sri Lanka,LKA,2021,47.3593,144
Sri Lanka,LKA,2022,47.127533,144
Suriname,SUR,2000,51.580395,740
Suriname,SUR,2001,51.815754,740
Suriname,SUR,2002,52.05073,740
Suriname,SUR,2003,52.284714,740
Suriname,SUR,2004,52.51801,740
Suriname,SUR,2005,52.712658,740
Suriname,SUR,2006,52.90432,740
Suriname,SUR,2007,53.096325,740
Suriname,SUR,2008,53.28897,740
Suriname,SUR,2009,53.482536,740
Suriname,SUR,2010,53.676456,740
Suriname,SUR,2011,53.871014,740
Suriname,SUR,2012,54.06621,740
Suriname,SUR,2013,54.262047,740
Suriname,SUR,2014,54.462845,740
Suriname,SUR,2015,54.668613,740
Suriname,SUR,2016,54.878857,740
Suriname,SUR,2017,55.09333,740
Suriname,SUR,2018,55.312035,740
Suriname,SUR,2019,55.534252,740
Suriname,SUR,2020,55.760433,740
Suriname,SUR,2021,55.776257,740
Suriname,SUR,2022,55.79615,740
Sweden,SWE,2000,99.3919,752
Sweden,SWE,2001,99.40435,752
Sweden,SWE,2002,99.41695,752
Sweden,SWE,2003,99.42949,752
Sweden,SWE,2004,99.44196,752
Sweden,SWE,2005,99.45436,752
Sweden,SWE,2006,99.467155,752
Sweden,SWE,2007,99.48026,752
Sweden,SWE,2008,99.4932,752
Sweden,SWE,2009,99.505974,752
Sweden,SWE,2010,99.52669,752
Sweden,SWE,2011,99.54783,752
Sweden,SWE,2012,99.56925,752
Sweden,SWE,2013,99.59031,752
Sweden,SWE,2014,99.61101,752
Sweden,SWE,2015,99.631386,752
Sweden,SWE,2016,99.65143,752
Sweden,SWE,2017,99.67114,752
Sweden,SWE,2018,99.69054,752
Sweden,SWE,2019,99.70961,752
Sweden,SWE,2020,99.72807,752
Sweden,SWE,2021,99.73845,752
Sweden,SWE,2022,99.73888,752
Switzerland,CHE,2000,96.7,756
Switzerland,CHE,2001,96.700005,756
Switzerland,CHE,2002,96.7,756
Switzerland,CHE,2003,96.700005,756
Switzerland,CHE,2004,96.7,756
Switzerland,CHE,2005,96.7,756
Switzerland,CHE,2006,96.700005,756
Switzerland,CHE,2007,96.7,756
Switzerland,CHE,2008,96.7,756
Switzerland,CHE,2009,96.7,756
Switzerland,CHE,2010,96.7,756
Switzerland,CHE,2011,96.7,756
Switzerland,CHE,2012,96.7,756
Switzerland,CHE,2013,96.7,756
Switzerland,CHE,2014,96.7,756
Switzerland,CHE,2015,96.7,756
Switzerland,CHE,2016,96.700005,756
Switzerland,CHE,2017,96.7,756
Switzerland,CHE,2018,96.700005,756
Switzerland,CHE,2019,96.7,756
Switzerland,CHE,2020,96.7,756
Switzerland,CHE,2021,96.7,756
Switzerland,CHE,2022,96.700005,756
Tajikistan,TJK,2000,35.99046,762
Tajikistan,TJK,2001,37.02204,762
Tajikistan,TJK,2002,38.07823,762
Tajikistan,TJK,2003,39.15903,762
Tajikistan,TJK,2004,40.263874,762
Tajikistan,TJK,2005,41.393894,762
Tajikistan,TJK,2006,42.548515,762
Tajikistan,TJK,2007,43.72774,762
Tajikistan,TJK,2008,44.931564,762
Tajikistan,TJK,2009,46.159985,762
Tajikistan,TJK,2010,47.413002,762
Tajikistan,TJK,2011,48.52485,762
Tajikistan,TJK,2012,49.36804,762
Tajikistan,TJK,2013,50.209576,762
Tajikistan,TJK,2014,51.049465,762
Tajikistan,TJK,2015,51.88727,762
Tajikistan,TJK,2016,52.722847,762
Tajikistan,TJK,2017,53.555912,762
Tajikistan,TJK,2018,54.38607,762
Tajikistan,TJK,2019,55.21331,762
Tajikistan,TJK,2020,55.236866,762
Tajikistan,TJK,2021,55.26317,762
Tajikistan,TJK,2022,55.2921,762
Tanzania,TZA,2000,1.4304467,834
Tanzania,TZA,2001,1.4734219,834
Tanzania,TZA,2002,1.5173562,834
Tanzania,TZA,2003,1.575071,834
Tanzania,TZA,2004,2.2779095,834
Tanzania,TZA,2005,3.0322132,834
Tanzania,TZA,2006,3.840234,834
Tanzania,TZA,2007,5.4745736,834
Tanzania,TZA,2008,7.010434,834
Tanzania,TZA,2009,7.4836664,834
Tanzania,TZA,2010,7.7577424,834
Tanzania,TZA,2011,8.03602,834
Tanzania,TZA,2012,8.318959,834
Tanzania,TZA,2013,8.605993,834
Tanzania,TZA,2014,8.896538,834
Tanzania,TZA,2015,9.190618,834
Tanzania,TZA,2016,9.487834,834
Tanzania,TZA,2017,9.788418,834
Tanzania,TZA,2018,10.092174,834
Tanzania,TZA,2019,10.398679,834
Tanzania,TZA,2020,10.708383,834
Tanzania,TZA,2021,11.020632,834
Tanzania,TZA,2022,11.335652,834
Togo,TGO,2000,7.4459686,768
Togo,TGO,2001,7.565112,768
Togo,TGO,2002,7.6856384,768
Togo,TGO,2003,7.807324,768
Togo,TGO,2004,7.9301753,768
Togo,TGO,2005,8.0539665,768
Togo,TGO,2006,8.178931,768
Togo,TGO,2007,8.305075,768
Togo,TGO,2008,8.432631,768
Togo,TGO,2009,8.560682,768
Togo,TGO,2010,8.690156,768
Togo,TGO,2011,13.099692,768
Togo,TGO,2012,15.1638365,768
Togo,TGO,2013,15.604844,768
Togo,TGO,2014,16.050573,768
Togo,TGO,2015,16.501093,768
Togo,TGO,2016,16.957457,768
Togo,TGO,2017,17.419529,768
Togo,TGO,2018,17.88741,768
Togo,TGO,2019,18.361204,768
Togo,TGO,2020,18.841017,768
Togo,TGO,2021,19.129435,768
Togo,TGO,2022,19.417791,768
Tunisia,TUN,2000,71.81362,788
Tunisia,TUN,2001,72.11097,788
Tunisia,TUN,2002,72.404655,788
Tunisia,TUN,2003,72.695,788
Tunisia,TUN,2004,72.97705,788
Tunisia,TUN,2005,73.23371,788
Tunisia,TUN,2006,73.4881,788
Tunisia,TUN,2007,73.739655,788
Tunisia,TUN,2008,73.98867,788
Tunisia,TUN,2009,74.23517,788
Tunisia,TUN,2010,74.47888,788
Tunisia,TUN,2011,74.720375,788
Tunisia,TUN,2012,75.14003,788
Tunisia,TUN,2013,75.556335,788
Tunisia,TUN,2014,75.97002,788
Tunisia,TUN,2015,76.382576,788
Tunisia,TUN,2016,76.71289,788
Tunisia,TUN,2017,76.03084,788
Tunisia,TUN,2018,75.33632,788
Tunisia,TUN,2019,74.62857,788
Tunisia,TUN,2020,73.90693,788
Tunisia,TUN,2021,74.10628,788
Tunisia,TUN,2022,74.30346,788
Turkmenistan,TKM,2000,66.66759,795
Turkmenistan,TKM,2001,67.85869,795
Turkmenistan,TKM,2002,69.06092,795
Turkmenistan,TKM,2003,70.27369,795
Turkmenistan,TKM,2004,71.496735,795
Turkmenistan,TKM,2005,73.17299,795
Turkmenistan,TKM,2006,74.86708,795
Turkmenistan,TKM,2007,76.57837,795
Turkmenistan,TKM,2008,78.305244,795
Turkmenistan,TKM,2009,80.04745,795
Turkmenistan,TKM,2010,81.80358,795
Turkmenistan,TKM,2011,83.57267,795
Turkmenistan,TKM,2012,85.35386,795
Turkmenistan,TKM,2013,87.14607,795
Turkmenistan,TKM,2014,88.94335,795
Turkmenistan,TKM,2015,90.74768,795
Turkmenistan,TKM,2016,92.284996,795
Turkmenistan,TKM,2017,93.680885,795
Turkmenistan,TKM,2018,94.79053,795
Turkmenistan,TKM,2019,94.81207,795
Turkmenistan,TKM,2020,94.834236,795
Turkmenistan,TKM,2021,94.857056,795
Turkmenistan,TKM,2022,94.88054,795
Uganda,UGA,2000,2.296263,800
Uganda,UGA,2001,2.7350252,800
Uganda,UGA,2002,3.2775626,800
Uganda,UGA,2003,3.8409495,800
Uganda,UGA,2004,4.4255567,800
Uganda,UGA,2005,5.030759,800
Uganda,UGA,2006,5.6577106,800
Uganda,UGA,2007,6.305953,800
Uganda,UGA,2008,6.976078,800
Uganda,UGA,2009,7.6677732,800
Uganda,UGA,2010,8.381659,800
Uganda,UGA,2011,9.117634,800
Uganda,UGA,2012,9.8761015,800
Uganda,UGA,2013,10.656369,800
Uganda,UGA,2014,11.45966,800
Uganda,UGA,2015,12.2855425,800
Uganda,UGA,2016,13.133509,800
Uganda,UGA,2017,14.00361,800
Uganda,UGA,2018,14.895238,800
Uganda,UGA,2019,15.809382,800
Uganda,UGA,2020,16.74508,800
Uganda,UGA,2021,17.702316,800
Uganda,UGA,2022,18.681423,800
Ukraine,UKR,2000,66.53978,804
Ukraine,UKR,2001,66.55705,804
Ukraine,UKR,2002,66.62774,804
Ukraine,UKR,2003,66.73623,804
Ukraine,UKR,2004,69.34845,804
Ukraine,UKR,2005,71.9575,804
Ukraine,UKR,2006,74.53521,804
Ukraine,UKR,2007,77.09165,804
Ukraine,UKR,2008,79.62727,804
Ukraine,UKR,2009,82.14158,804
Ukraine,UKR,2010,84.61851,804
Ukraine,UKR,2011,87.0901,804
Ukraine,UKR,2012,89.55655,804
Ukraine,UKR,2013,89.5572,804
Ukraine,UKR,2014,89.013596,804
Ukraine,UKR,2015,88.84098,804
Ukraine,UKR,2016,88.66827,804
Ukraine,UKR,2017,88.49545,804
Ukraine,UKR,2018,88.32258,804
Ukraine,UKR,2019,88.149864,804
Ukraine,UKR,2020,87.9775,804
Ukraine,UKR,2021,87.769394,804
Ukraine,UKR,2022,87.62073,804
United Kingdom,GBR,2000,100,826
United Kingdom,GBR,2001,100,826
United Kingdom,GBR,2002,100,826
United Kingdom,GBR,2003,100,826
United Kingdom,GBR,2004,100,826
United Kingdom,GBR,2005,100,826
United Kingdom,GBR,2006,99.99818,826
United Kingdom,GBR,2007,99.98605,826
United Kingdom,GBR,2008,99.97393,826
United Kingdom,GBR,2009,99.9618,826
United Kingdom,GBR,2010,99.94968,826
United Kingdom,GBR,2011,99.937546,826
United Kingdom,GBR,2012,99.92542,826
United Kingdom,GBR,2013,99.91329,826
United Kingdom,GBR,2014,99.90116,826
United Kingdom,GBR,2015,99.88904,826
United Kingdom,GBR,2016,99.87691,826
United Kingdom,GBR,2017,99.864784,826
United Kingdom,GBR,2018,99.85265,826
United Kingdom,GBR,2019,99.84053,826
United Kingdom,GBR,2020,99.82841,826
United Kingdom,GBR,2021,99.81628,826
United Kingdom,GBR,2022,99.804146,826
United States,USA,2005,95.35509,840
United States,USA,2006,95.364395,840
United States,USA,2007,95.37364,840
United States,USA,2008,95.382835,840
United States,USA,2009,95.391975,840
United States,USA,2010,95.55789,840
United States,USA,2011,95.72309,840
United States,USA,2012,95.88738,840
United States,USA,2013,96.050804,840
United States,USA,2014,96.213264,840
United States,USA,2015,96.37471,840
United States,USA,2016,96.535065,840
United States,USA,2017,96.69435,840
United States,USA,2018,96.85243,840
United States,USA,2019,97.00933,840
United States,USA,2020,97.164955,840
United States,USA,2021,97.3193,840
United States,USA,2022,97.46839,840
Uzbekistan,UZB,2000,53.767487,860
Uzbekistan,UZB,2001,55.114872,860
Uzbekistan,UZB,2002,56.45625,860
Uzbekistan,UZB,2003,57.790802,860
Uzbekistan,UZB,2004,59.117764,860
Uzbekistan,UZB,2005,60.436913,860
Uzbekistan,UZB,2006,61.74851,860
Uzbekistan,UZB,2007,63.051826,860
Uzbekistan,UZB,2008,64.34665,860
Uzbekistan,UZB,2009,65.632355,860
Uzbekistan,UZB,2010,66.90957,860
Uzbekistan,UZB,2011,68.066696,860
Uzbekistan,UZB,2012,69.11726,860
Uzbekistan,UZB,2013,70.178894,860
Uzbekistan,UZB,2014,71.251625,860
Uzbekistan,UZB,2015,72.33551,860
Uzbekistan,UZB,2016,73.430595,860
Uzbekistan,UZB,2017,74.53692,860
Uzbekistan,UZB,2018,75.66172,860
Uzbekistan,UZB,2019,76.77456,860
Uzbekistan,UZB,2020,77.788475,860
Uzbekistan,UZB,2021,78.8126,860
Uzbekistan,UZB,2022,79.8453,860
Vietnam,VNM,2000,45.639004,704
Vietnam,VNM,2001,46.203968,704
Vietnam,VNM,2002,46.769115,704
Vietnam,VNM,2003,47.3329,704
Vietnam,VNM,2004,47.896313,704
Vietnam,VNM,2005,48.458206,704
Vietnam,VNM,2006,49.019196,704
Vietnam,VNM,2007,49.579193,704
Vietnam,VNM,2008,50.137768,704
Vietnam,VNM,2009,50.69552,704
Vietnam,VNM,2010,51.256012,704
Vietnam,VNM,2011,51.81474,704
Vietnam,VNM,2012,52.37195,704
Vietnam,VNM,2013,52.92625,704
Vietnam,VNM,2014,53.478878,704
Vietnam,VNM,2015,54.029423,704
Vietnam,VNM,2016,54.577488,704
Vietnam,VNM,2017,55.121456,704
Vietnam,VNM,2018,55.66161,704
Vietnam,VNM,2019,56.197914,704
Vietnam,VNM,2020,56.73035,704
Vietnam,VNM,2021,57.257984,704
Vietnam,VNM,2022,57.78141,704
Zimbabwe,ZWE,2000,29.193327,716
Zimbabwe,ZWE,2001,29.344763,716
Zimbabwe,ZWE,2002,29.475264,716
Zimbabwe,ZWE,2003,29.447128,716
Zimbabwe,ZWE,2004,29.389412,716
Zimbabwe,ZWE,2005,29.194473,716
Zimbabwe,ZWE,2006,28.99888,716
Zimbabwe,ZWE,2007,28.803019,716
Zimbabwe,ZWE,2008,28.606516,716
Zimbabwe,ZWE,2009,28.409765,716
Zimbabwe,ZWE,2010,28.212395,716
Zimbabwe,ZWE,2011,28.014801,716
Zimbabwe,ZWE,2012,27.816599,716
Zimbabwe,ZWE,2013,27.6182,716
Zimbabwe,ZWE,2014,27.43137,716
Zimbabwe,ZWE,2015,27.256817,716
Zimbabwe,ZWE,2016,27.094454,716
Zimbabwe,ZWE,2017,26.944588,716
Zimbabwe,ZWE,2018,26.807938,716
Zimbabwe,ZWE,2019,26.683977,716
Zimbabwe,ZWE,2020,26.573847,716
Zimbabwe,ZWE,2021,26.476995,716
Zimbabwe,ZWE,2022,26.516428,716
